customer_id,customer_country,payment_date,payment_count,day_amount,avg_prev_30d_amount,staff_count,store_count,store_countries_list,suspicion_rank_in_country
441,Algeria,2005-07-29,5,18.95,5.32,2,2,"Canada,Australia",1
176,Algeria,2005-06-18,4,16.96,7.15,2,2,"Canada,Australia",2
441,Algeria,2005-07-31,3,15.97,7.27,1,1,Canada,3
69,Algeria,2005-08-17,3,9.97,4.65,1,2,"Canada,Australia",4
243,Argentina,2005-07-31,3,13.97,3.99,1,2,"Australia,Canada",1
560,Argentina,2005-07-07,3,13.97,3.99,2,1,Canada,2
560,Argentina,2005-08-01,3,17.97,5.99,2,2,"Canada,Australia",3
331,Argentina,2005-07-06,3,18.97,6.49,2,2,"Canada,Australia",4
322,Argentina,2005-07-30,3,14.97,5.15,1,2,"Australia,Canada",5
445,Argentina,2005-08-22,3,15.97,6.49,1,2,"Canada,Australia",6
530,Argentina,2005-07-27,3,10.97,4.49,2,2,"Canada,Australia",7
530,Argentina,2005-08-18,3,12.97,5.32,1,2,"Canada,Australia",8
219,Argentina,2005-07-09,3,10.97,4.65,1,2,"Australia,Canada",9
331,Argentina,2005-07-07,3,21.97,10.65,2,2,"Canada,Australia",10
41,Armenia,2005-07-28,4,17.96,8.23,2,2,"Australia,Canada",1
266,Austria,2005-08-02,3,16.97,4.32,2,2,"Canada,Australia",1
173,Austria,2005-07-29,3,16.97,5.49,1,2,"Canada,Australia",2
266,Austria,2005-08-18,4,17.96,6.58,2,2,"Canada,Australia",3
266,Austria,2005-08-20,3,17.97,8.48,1,2,"Canada,Australia",4
173,Austria,2005-08-23,3,12.97,6.24,2,1,Canada,5
173,Austria,2005-07-10,3,9.97,4.84,2,2,"Canada,Australia",6
333,Azerbaijan,2005-07-27,3,8.97,3.49,1,1,Australia,1
21,Bangladesh,2005-08-20,4,32.96,5.58,2,2,"Australia,Canada",1
21,Bangladesh,2005-06-18,3,15.97,2.99,2,2,"Australia,Canada",2
21,Bangladesh,2005-08-19,3,12.97,4.76,2,2,"Canada,Australia",3
329,Bangladesh,2005-06-17,3,7.97,2.99,2,1,Canada,4
332,Bangladesh,2005-07-27,4,24.96,11.97,1,2,"Australia,Canada",5
527,Belarus,2005-07-11,3,11.97,1.99,2,2,"Australia,Canada",1
144,Belarus,2005-07-09,3,17.97,5.65,1,2,"Australia,Canada",2
126,Brazil,2005-07-06,3,18.97,2.99,2,1,Australia,1
374,Brazil,2005-08-22,4,20.96,4.09,2,2,"Canada,Australia",2
374,Brazil,2005-07-10,3,13.97,3.16,2,2,"Canada,Australia",3
39,Brazil,2005-07-08,3,23.97,5.49,1,2,"Australia,Canada",4
183,Brazil,2005-07-31,3,13.97,3.49,2,2,"Australia,Canada",5
342,Brazil,2005-07-12,3,19.97,5.24,2,2,"Canada,Australia",6
354,Brazil,2005-07-29,3,18.97,4.98,2,2,"Canada,Australia",7
544,Brazil,2005-08-21,3,18.97,5.16,2,2,"Australia,Canada",8
362,Brazil,2005-08-21,4,25.96,7.48,2,2,"Canada,Australia",9
206,Brazil,2005-08-19,3,18.97,5.49,2,2,"Canada,Australia",10
254,Brazil,2005-07-10,4,19.96,5.78,2,2,"Australia,Canada",11
74,Brazil,2005-07-10,3,10.97,3.39,2,1,Australia,12
92,Brazil,2005-07-10,4,23.96,7.99,2,2,"Australia,Canada",13
47,Brazil,2005-07-11,3,14.97,4.99,2,1,Australia,14
206,Brazil,2005-07-06,3,11.97,3.99,2,2,"Canada,Australia",15
427,Brazil,2005-08-01,3,15.97,5.54,2,2,"Canada,Australia",16
254,Brazil,2005-08-19,4,13.96,4.86,2,1,Canada,17
551,Brazil,2005-08-22,3,14.97,5.24,2,2,"Canada,Australia",18
178,Brazil,2005-07-09,3,18.97,6.84,1,2,"Canada,Australia",19
77,Brazil,2005-08-02,4,7.96,2.99,2,2,"Canada,Australia",20
314,Brazil,2005-07-28,3,11.97,4.7,2,2,"Canada,Australia",21
591,Brazil,2005-07-27,4,20.96,8.24,2,2,"Canada,Australia",22
39,Brazil,2005-07-29,4,19.96,8.19,2,2,"Australia,Canada",23
591,Brazil,2005-08-18,4,21.96,9.58,2,2,"Canada,Australia",24
39,Brazil,2005-08-01,4,20.96,9.23,2,2,"Canada,Australia",25
254,Brazil,2005-07-09,3,9.97,4.74,2,2,"Canada,Australia",26
314,Brazil,2005-08-21,3,14.97,7.36,2,1,Australia,27
178,Brazil,2005-08-17,3,17.97,8.98,1,1,Canada,28
91,Brunei,2005-07-07,3,12.97,2.79,2,2,"Canada,Australia",1
91,Brunei,2005-08-19,3,10.97,3.82,2,1,Australia,2
91,Brunei,2005-08-22,3,9.97,4.36,2,2,"Canada,Australia",3
540,Bulgaria,2005-08-02,4,24.96,7.98,2,2,"Canada,Australia",1
215,Bulgaria,2005-08-23,4,9.96,3.24,2,2,"Canada,Australia",2
540,Bulgaria,2005-07-11,3,13.97,4.82,2,2,"Australia,Canada",3
228,Cambodia,2005-07-06,4,17.96,3.49,2,2,"Canada,Australia",1
352,Cameroon,2005-06-16,3,14.97,1.99,1,2,"Canada,Australia",1
352,Cameroon,2005-07-27,4,22.96,5.49,2,2,"Australia,Canada",2
361,Cameroon,2005-08-02,4,15.96,4.41,2,2,"Canada,Australia",3
361,Cameroon,2005-07-12,3,7.97,3.39,2,2,"Canada,Australia",4
476,Canada,2005-08-01,3,21.97,4.99,1,2,"Australia,Canada",1
410,Canada,2005-07-09,4,17.96,4.15,2,2,"Canada,Australia",2
410,Canada,2005-08-02,3,18.97,8.98,1,1,Australia,3
535,Chad,2005-07-08,3,16.97,4.99,2,2,"Canada,Australia",1
45,Chile,2005-08-02,5,27.95,5.84,2,2,"Australia,Canada",1
515,Chile,2005-08-17,3,15.97,3.79,2,1,Australia,2
129,China,2005-06-19,3,9.97,0.99,2,2,"Australia,Canada",1
546,China,2005-07-12,3,19.97,3.49,2,2,"Australia,Canada",2
64,China,2005-07-08,3,13.97,2.49,2,2,"Australia,Canada",3
93,China,2005-08-20,4,19.96,3.74,2,2,"Australia,Canada",4
129,China,2005-07-31,4,26.96,5.78,2,2,"Canada,Australia",5
538,China,2005-07-31,3,18.97,4.11,2,2,"Australia,Canada",6
267,China,2005-07-30,3,15.97,3.66,2,2,"Australia,Canada",7
384,China,2005-06-20,3,18.97,4.65,2,1,Canada,8
384,China,2005-08-22,3,11.97,2.99,2,2,"Canada,Australia",9
90,China,2005-07-27,3,13.97,3.49,2,2,"Australia,Canada",10
424,China,2005-07-30,4,14.96,3.82,2,2,"Australia,Canada",11
241,China,2005-07-11,3,14.97,3.84,2,1,Canada,12
424,China,2005-07-31,3,20.97,5.41,2,2,"Canada,Australia",13
267,China,2005-06-19,4,22.96,5.99,2,2,"Australia,Canada",14
242,China,2005-06-15,3,14.97,3.99,2,2,"Canada,Australia",15
242,China,2005-08-01,3,15.97,4.32,1,2,"Australia,Canada",16
538,China,2005-07-09,3,16.97,4.79,2,2,"Australia,Canada",17
138,China,2005-07-28,3,11.97,3.59,2,1,Canada,18
241,China,2005-07-09,3,8.97,2.79,2,2,"Canada,Australia",19
154,China,2005-07-27,3,14.97,4.65,2,2,"Australia,Canada",20
569,China,2005-08-02,4,14.96,4.65,2,2,"Canada,Australia",21
495,China,2005-07-29,3,13.97,4.59,1,2,"Australia,Canada",22
485,China,2005-07-30,4,17.96,5.98,2,1,Australia,23
283,China,2005-07-06,4,17.96,5.98,2,2,"Australia,Canada",24
533,China,2005-07-12,3,13.97,4.7,1,2,"Australia,Canada",25
272,China,2005-08-17,3,16.97,5.99,2,2,"Canada,Australia",26
138,China,2005-08-01,3,14.97,5.32,2,2,"Canada,Australia",27
466,China,2005-08-20,3,13.97,4.99,1,2,"Australia,Canada",28
484,China,2005-07-10,3,14.97,5.39,2,2,"Australia,Canada",29
90,China,2005-08-01,3,17.97,6.49,2,2,"Canada,Australia",30
588,China,2005-07-29,4,13.96,5.15,2,2,"Australia,Canada",31
339,China,2005-08-17,3,12.97,4.82,2,1,Australia,32
260,China,2005-08-21,3,17.97,6.69,2,1,Australia,33
138,China,2005-07-31,3,11.97,4.49,1,2,"Canada,Australia",34
514,China,2005-08-18,4,13.96,5.32,2,2,"Australia,Canada",35
154,China,2005-08-22,3,15.97,6.1,2,2,"Canada,Australia",36
260,China,2005-06-17,3,16.97,6.49,2,2,"Australia,Canada",37
546,China,2005-08-22,3,11.97,4.61,1,2,"Canada,Australia",38
496,China,2005-07-07,3,8.97,3.49,1,1,Australia,39
151,China,2005-08-22,3,13.97,5.56,2,1,Canada,40
302,China,2005-07-10,4,9.96,3.99,1,2,"Australia,Canada",41
533,China,2005-08-17,3,19.97,8.18,2,1,Australia,42
64,China,2005-07-31,3,13.97,5.73,1,2,"Australia,Canada",43
37,China,2005-08-20,4,14.96,6.16,2,2,"Canada,Australia",44
550,China,2005-08-21,3,16.97,6.98,2,1,Canada,45
594,China,2005-07-31,3,16.97,6.98,2,2,"Canada,Australia",46
521,China,2005-08-17,3,11.97,4.99,2,1,Australia,47
569,China,2005-05-28,3,11.97,4.99,1,2,"Australia,Canada",48
302,China,2005-07-30,3,19.97,8.38,2,2,"Australia,Canada",49
151,China,2005-07-31,3,10.97,4.73,1,2,"Canada,Australia",50
599,China,2005-08-23,3,14.97,6.48,1,1,Australia,51
569,China,2005-07-30,3,9.97,4.32,2,2,"Canada,Australia",52
302,China,2005-08-23,4,16.96,7.38,2,2,"Canada,Australia",53
211,China,2005-08-18,3,11.97,5.27,1,2,"Canada,Australia",54
595,China,2005-07-31,3,18.97,8.48,2,2,"Australia,Canada",55
197,China,2005-08-02,4,17.96,8.15,1,2,"Canada,Australia",56
595,China,2005-07-27,4,14.96,6.82,2,2,"Australia,Canada",57
550,China,2005-08-17,3,12.97,5.98,2,2,"Australia,Canada",58
389,China,2005-08-02,3,10.97,5.08,2,1,Canada,59
168,China,2005-07-29,3,10.97,5.13,2,2,"Canada,Australia",60
168,China,2005-07-30,3,11.97,5.86,2,1,Australia,61
550,China,2005-08-23,3,15.97,7.98,2,2,"Australia,Canada",62
235,Colombia,2005-07-06,3,14.97,2.99,2,1,Australia,1
120,Colombia,2005-08-21,3,19.97,5.21,2,2,"Canada,Australia",2
490,Colombia,2005-07-12,3,16.97,4.99,2,2,"Canada,Australia",3
460,Colombia,2005-08-19,3,13.97,5.85,2,2,"Australia,Canada",4
387,"Congo, The Democratic Republic of the",2005-08-19,3,15.97,3.59,2,2,"Canada,Australia",1
375,"Congo, The Democratic Republic of the",2005-08-02,3,18.97,5.32,2,2,"Australia,Canada",2
265,Czech Republic,2005-08-21,3,18.97,5.24,2,1,Australia,1
258,Dominican Republic,2005-08-01,5,20.95,5.61,2,2,"Canada,Australia",1
418,Dominican Republic,2005-07-08,3,11.97,3.32,2,2,"Canada,Australia",2
437,Dominican Republic,2005-08-20,3,12.97,5.32,2,2,"Australia,Canada",3
262,Ecuador,2005-07-12,4,26.96,4.27,2,2,"Canada,Australia",1
494,Ecuador,2005-08-22,4,26.96,7.48,2,2,"Canada,Australia",2
494,Ecuador,2005-07-31,3,18.97,7.73,2,2,"Australia,Canada",3
262,Ecuador,2005-08-23,4,14.96,7.15,2,2,"Canada,Australia",4
423,Egypt,2005-07-27,5,24.95,2.32,2,2,"Australia,Canada",1
134,Egypt,2005-08-02,4,20.96,3.16,2,2,"Australia,Canada",2
233,Egypt,2005-06-18,3,10.97,2.99,2,2,"Australia,Canada",3
559,Egypt,2005-08-19,3,13.97,4.13,2,2,"Canada,Australia",4
119,Egypt,2005-08-21,4,14.96,5.99,1,2,"Canada,Australia",5
119,Egypt,2005-08-22,3,15.97,6.8,2,2,"Canada,Australia",6
317,Faroe Islands,2005-08-22,3,12.97,5.71,1,2,"Australia,Canada",1
402,France,2005-07-06,3,16.97,4.32,1,1,Canada,1
104,France,2005-07-08,3,15.97,4.19,2,1,Australia,2
104,France,2005-08-19,4,11.96,3.66,1,2,"Australia,Canada",3
162,France,2005-07-31,3,14.97,5.99,2,2,"Australia,Canada",4
65,French Guiana,2005-08-02,3,19.97,4.74,2,1,Australia,1
584,Gambia,2005-08-18,3,17.97,7.13,1,1,Australia,1
584,Gambia,2005-08-21,3,16.97,7.87,1,2,"Canada,Australia",2
201,Germany,2005-08-20,3,16.97,3.13,1,2,"Canada,Australia",1
196,Germany,2005-07-31,3,22.97,5.84,2,2,"Australia,Canada",2
251,Germany,2005-05-31,3,11.97,3.99,2,2,"Canada,Australia",3
251,Germany,2005-08-19,3,12.97,4.99,2,1,Australia,4
114,Germany,2005-07-27,3,8.97,3.7,1,2,"Canada,Australia",5
196,Germany,2005-07-09,3,13.97,5.82,1,1,Canada,6
596,Greece,2005-07-11,3,8.97,2.66,1,2,"Canada,Australia",1
3,Greece,2005-07-28,4,24.96,8.99,2,2,"Australia,Canada",2
207,Greenland,2005-08-20,4,25.96,8.32,1,2,"Canada,Australia",1
26,Holy See (Vatican City State),2005-08-21,4,23.96,4.27,2,2,"Canada,Australia",1
26,Holy See (Vatican City State),2005-07-07,5,20.95,8.39,2,2,"Australia,Canada",2
289,Hong Kong,2005-08-19,4,17.96,8.23,1,2,"Canada,Australia",1
412,India,2005-07-29,3,18.97,0.99,2,2,"Canada,Australia",1
529,India,2005-07-12,3,20.97,2.99,2,1,Canada,2
529,India,2005-07-07,3,7.97,1.32,1,2,"Australia,Canada",3
297,India,2005-06-18,3,16.97,2.99,2,2,"Australia,Canada",4
238,India,2005-07-29,3,16.97,3.24,1,2,"Australia,Canada",5
192,India,2005-08-21,4,24.96,5.32,2,2,"Canada,Australia",6
509,India,2005-07-28,3,21.97,4.74,1,2,"Canada,Australia",7
78,India,2005-07-28,3,15.97,3.7,2,1,Australia,8
468,India,2005-08-21,5,32.95,7.84,2,2,"Canada,Australia",9
259,India,2005-07-30,3,21.97,5.32,2,2,"Canada,Australia",10
175,India,2005-07-29,4,16.96,4.16,1,2,"Canada,Australia",11
274,India,2005-07-29,3,14.97,3.99,1,1,Canada,12
117,India,2005-08-18,4,17.96,4.99,1,2,"Canada,Australia",13
300,India,2005-07-28,3,18.97,5.32,1,2,"Australia,Canada",14
259,India,2005-06-16,3,18.97,5.32,2,1,Australia,15
170,India,2005-07-10,3,15.97,4.49,2,2,"Australia,Canada",16
370,India,2005-07-27,3,15.97,4.49,2,2,"Canada,Australia",17
28,India,2005-07-31,4,15.96,4.49,1,2,"Canada,Australia",18
419,India,2005-08-02,4,13.96,4.29,2,1,Australia,19
121,India,2005-08-21,4,25.96,7.98,2,2,"Canada,Australia",20
534,India,2005-08-01,3,13.97,4.32,2,1,Canada,21
135,India,2005-07-27,3,13.97,4.39,2,2,"Australia,Canada",22
12,India,2005-07-30,3,11.97,3.98,1,1,Australia,23
367,India,2005-08-18,3,14.97,4.99,2,2,"Australia,Canada",24
224,India,2005-08-21,3,12.97,4.49,1,2,"Canada,Australia",25
268,India,2005-07-10,3,12.97,4.49,1,2,"Canada,Australia",26
336,India,2005-07-29,3,16.97,6.24,2,2,"Canada,Australia",27
15,India,2005-08-02,4,11.96,4.55,2,2,"Australia,Canada",28
367,India,2005-07-10,3,12.97,4.99,1,2,"Canada,Australia",29
231,India,2005-08-18,3,13.97,5.39,2,2,"Canada,Australia",30
492,India,2005-07-07,3,18.97,7.32,2,2,"Australia,Canada",31
78,India,2005-08-01,3,14.97,5.87,2,2,"Australia,Canada",32
68,India,2005-07-31,3,16.97,6.73,2,2,"Canada,Australia",33
297,India,2005-08-17,3,8.97,3.65,2,2,"Canada,Australia",34
31,India,2005-06-18,4,16.96,6.98,2,2,"Canada,Australia",35
403,India,2005-08-02,4,21.96,9.36,2,2,"Canada,Australia",36
170,India,2005-07-31,3,15.97,6.82,2,2,"Australia,Canada",37
316,India,2005-07-27,4,15.96,6.99,2,2,"Australia,Canada",38
502,India,2005-07-28,3,14.97,6.61,2,1,Australia,39
274,India,2005-08-20,3,17.97,7.98,1,2,"Australia,Canada",40
508,India,2005-07-27,3,17.97,7.99,2,2,"Australia,Canada",41
202,India,2005-07-30,3,12.97,5.82,1,2,"Australia,Canada",42
209,India,2005-07-27,3,15.97,7.18,1,2,"Australia,Canada",43
167,India,2005-07-09,4,11.96,5.49,2,1,Australia,44
123,India,2005-07-28,4,12.96,5.99,2,2,"Australia,Canada",45
297,India,2005-07-11,3,14.97,7.15,2,2,"Australia,Canada",46
186,India,2005-08-20,3,11.97,5.74,2,2,"Canada,Australia",47
15,India,2005-08-20,3,14.97,7.21,2,2,"Canada,Australia",48
446,India,2005-07-12,4,13.96,6.78,2,2,"Australia,Canada",49
458,Indonesia,2005-07-12,3,15.97,2.99,2,1,Australia,1
450,Indonesia,2005-08-20,3,10.97,2.99,2,2,"Australia,Canada",2
328,Indonesia,2005-08-20,3,14.97,4.82,2,1,Australia,3
473,Indonesia,2005-08-02,5,19.95,7.23,2,2,"Australia,Canada",4
372,Indonesia,2005-07-09,3,10.97,3.99,1,2,"Australia,Canada",5
450,Indonesia,2005-08-22,3,10.97,4.24,2,2,"Canada,Australia",6
506,Indonesia,2005-07-08,3,23.97,9.32,1,2,"Canada,Australia",7
239,Indonesia,2005-07-27,3,12.97,5.49,2,2,"Australia,Canada",8
459,Iran,2005-07-28,5,29.95,2.66,2,2,"Australia,Canada",1
368,Iran,2005-08-19,4,17.96,4.61,2,2,"Australia,Canada",2
279,Iran,2005-07-09,3,20.97,5.49,2,1,Australia,3
279,Iran,2005-08-19,4,18.96,5.16,2,2,"Australia,Canada",4
10,Iran,2005-07-09,3,11.97,3.85,2,2,"Canada,Australia",5
279,Iran,2005-06-21,3,8.97,2.99,1,2,"Canada,Australia",6
459,Iran,2005-06-17,3,8.97,2.99,1,2,"Australia,Canada",7
449,Iran,2005-08-01,4,21.96,7.38,2,2,"Canada,Australia",8
459,Iran,2005-08-01,4,22.96,8.98,2,2,"Australia,Canada",9
449,Iran,2005-07-28,3,13.97,5.65,1,1,Australia,10
10,Iran,2005-07-28,3,14.97,6.48,2,2,"Australia,Canada",11
36,Iran,2005-07-28,3,8.97,3.99,2,2,"Canada,Australia",12
368,Iran,2005-06-19,3,14.97,7.24,1,2,"Australia,Canada",13
478,Israel,2005-06-19,3,20.97,2.99,2,1,Canada,1
102,Israel,2005-07-09,3,17.97,6.39,1,2,"Australia,Canada",2
161,Israel,2005-08-22,4,15.96,6.27,2,2,"Australia,Canada",3
478,Israel,2005-07-31,3,10.97,4.49,2,1,Australia,4
309,Italy,2005-06-19,3,20.97,4.32,1,2,"Australia,Canada",1
33,Italy,2005-07-30,3,11.97,3.59,2,2,"Australia,Canada",2
541,Italy,2005-08-22,5,18.95,5.74,2,2,"Australia,Canada",3
499,Italy,2005-08-17,3,14.97,6.18,2,2,"Canada,Australia",4
499,Italy,2005-07-28,4,13.96,6.24,2,2,"Australia,Canada",5
221,Italy,2005-08-21,3,14.97,7.27,2,2,"Canada,Australia",6
1,Japan,2005-06-15,3,16.97,1.99,2,2,"Canada,Australia",1
574,Japan,2005-06-16,3,7.97,0.99,2,2,"Australia,Canada",2
29,Japan,2005-06-19,5,15.95,1.99,2,2,"Canada,Australia",3
240,Japan,2005-07-27,3,18.97,2.99,2,1,Canada,4
404,Japan,2005-07-08,4,21.96,3.79,2,2,"Australia,Canada",5
519,Japan,2005-07-31,5,23.95,4.65,2,2,"Australia,Canada",6
404,Japan,2005-08-22,5,27.95,6.43,1,2,"Canada,Australia",7
29,Japan,2005-08-18,4,21.96,5.84,2,1,Australia,8
401,Japan,2005-07-29,3,14.97,3.99,2,2,"Australia,Canada",9
264,Japan,2005-07-11,3,12.97,3.85,2,2,"Canada,Australia",10
194,Japan,2005-06-18,3,14.97,4.66,1,2,"Australia,Canada",11
54,Japan,2005-08-02,3,15.97,5.13,2,2,"Canada,Australia",12
147,Japan,2005-08-23,3,20.97,6.87,2,2,"Australia,Canada",13
531,Japan,2005-08-02,4,26.96,9.27,2,2,"Canada,Australia",14
253,Japan,2005-08-21,3,17.97,6.23,2,2,"Canada,Australia",15
531,Japan,2005-07-10,3,11.97,4.49,2,2,"Canada,Australia",16
1,Japan,2005-08-22,3,10.97,4.19,2,2,"Australia,Canada",17
147,Japan,2005-08-20,3,13.97,5.49,1,1,Australia,18
503,Japan,2005-08-22,4,11.96,4.74,2,2,"Canada,Australia",19
547,Japan,2005-08-02,4,14.96,5.99,2,2,"Canada,Australia",20
285,Japan,2005-07-11,4,14.96,6.32,2,2,"Canada,Australia",21
141,Japan,2005-08-01,3,10.97,4.65,1,2,"Canada,Australia",22
53,Japan,2005-08-21,3,11.97,5.1,2,2,"Australia,Canada",23
503,Japan,2005-08-23,4,12.96,5.54,1,2,"Canada,Australia",24
396,Japan,2005-08-21,3,13.97,5.98,2,1,Canada,25
264,Japan,2005-07-31,3,12.97,5.56,2,1,Canada,26
396,Japan,2005-06-15,3,13.97,5.99,1,2,"Canada,Australia",27
299,Japan,2005-08-17,3,13.97,6.24,1,2,"Canada,Australia",28
29,Japan,2005-07-27,3,11.97,5.49,2,1,Australia,29
489,Japan,2005-08-21,3,15.97,7.49,1,2,"Canada,Australia",30
147,Japan,2005-08-22,3,12.97,6.11,2,2,"Canada,Australia",31
574,Japan,2005-07-09,3,12.97,6.15,2,2,"Canada,Australia",32
76,Kazakstan,2005-07-29,3,13.97,2.32,1,2,"Canada,Australia",1
573,Kazakstan,2005-07-31,4,24.96,6.56,1,2,"Australia,Canada",2
193,Kenya,2005-08-22,3,16.97,4.61,2,2,"Canada,Australia",1
363,Kenya,2005-07-12,3,12.97,5.36,1,2,"Canada,Australia",2
234,Kuwait,2005-08-02,4,17.96,7.65,2,2,"Canada,Australia",1
347,Latvia,2005-07-28,4,15.96,4.16,2,2,"Canada,Australia",1
23,Latvia,2005-08-19,3,14.97,6.42,1,2,"Canada,Australia",2
347,Latvia,2005-07-31,3,11.97,5.98,1,1,Australia,3
57,Liechtenstein,2005-07-12,3,11.97,4.99,2,2,"Canada,Australia",1
557,Lithuania,2005-07-12,4,10.96,4.98,2,1,Canada,1
81,Madagascar,2005-08-21,3,16.97,3.99,2,2,"Canada,Australia",1
81,Madagascar,2005-08-23,4,14.96,5.65,2,2,"Canada,Australia",2
306,Malaysia,2005-08-20,4,16.96,6.44,2,2,"Australia,Canada",1
171,Malaysia,2005-08-19,4,14.96,6.24,2,2,"Australia,Canada",2
306,Malaysia,2005-08-02,3,11.97,5.53,2,2,"Australia,Canada",3
582,Mexico,2005-07-27,4,20.96,3.49,2,2,"Australia,Canada",1
133,Mexico,2005-07-08,4,19.96,3.49,2,2,"Australia,Canada",2
454,Mexico,2005-08-20,4,27.96,5.23,2,2,"Canada,Australia",3
465,Mexico,2005-08-17,3,16.97,3.32,2,1,Canada,4
414,Mexico,2005-08-19,5,17.95,4.24,2,2,"Canada,Australia",5
570,Mexico,2005-07-30,3,11.97,2.99,2,2,"Canada,Australia",6
425,Mexico,2005-07-08,4,27.96,6.99,2,2,"Canada,Australia",7
150,Mexico,2005-08-19,5,21.95,5.65,2,2,"Canada,Australia",8
319,Mexico,2005-08-17,5,16.95,4.49,2,2,"Canada,Australia",9
84,Mexico,2005-07-11,3,18.97,5.13,2,2,"Australia,Canada",10
451,Mexico,2005-07-08,3,16.97,4.65,2,2,"Australia,Canada",11
575,Mexico,2005-08-18,3,22.97,6.65,2,1,Canada,12
247,Mexico,2005-08-18,3,17.97,5.49,2,1,Australia,13
273,Mexico,2005-07-12,4,19.96,6.24,2,2,"Canada,Australia",14
108,Mexico,2005-07-29,3,15.97,5.15,2,1,Australia,15
150,Mexico,2005-08-18,3,12.97,4.19,1,2,"Australia,Canada",16
177,Mexico,2005-06-16,3,8.97,2.99,2,1,Australia,17
581,Mexico,2005-08-20,3,12.97,4.39,1,2,"Australia,Canada",18
587,Mexico,2005-07-31,3,17.97,6.19,1,2,"Canada,Australia",19
84,Mexico,2005-08-02,4,19.96,7.32,2,2,"Australia,Canada",20
467,Mexico,2005-07-28,4,20.96,7.98,2,2,"Australia,Canada",21
451,Mexico,2005-08-02,4,19.96,7.82,2,2,"Australia,Canada",22
581,Mexico,2005-06-17,3,11.97,4.99,2,2,"Canada,Australia",23
273,Mexico,2005-08-01,3,19.97,8.48,1,2,"Australia,Canada",24
319,Mexico,2005-07-11,3,12.97,5.74,2,2,"Australia,Canada",25
570,Mexico,2005-07-31,3,8.97,3.99,2,2,"Australia,Canada",26
482,Mexico,2005-08-22,3,12.97,6.13,2,1,Australia,27
323,Mexico,2005-07-28,3,12.97,6.19,2,2,"Australia,Canada",28
414,Mexico,2005-07-31,3,11.97,5.79,2,2,"Canada,Australia",29
38,Moldova,2005-07-07,3,12.97,3.99,2,2,"Australia,Canada",1
38,Moldova,2005-07-27,4,17.96,6.58,2,2,"Australia,Canada",2
22,Morocco,2005-08-23,3,16.97,6.32,1,1,Australia,1
40,Morocco,2005-07-31,3,13.97,5.38,2,2,"Australia,Canada",2
97,Mozambique,2005-07-06,3,8.97,2.99,2,2,"Canada,Australia",1
257,Mozambique,2005-08-19,5,20.95,9.69,2,2,"Australia,Canada",2
257,Mozambique,2005-07-27,5,18.95,8.99,2,2,"Australia,Canada",3
256,Myanmar,2005-08-20,4,13.96,4.79,2,2,"Australia,Canada",1
256,Myanmar,2005-08-23,3,15.97,6.41,2,1,Canada,2
513,Nauru,2005-07-29,4,25.96,5.59,2,1,Australia,1
513,Nauru,2005-07-07,3,12.97,3.49,1,2,"Canada,Australia",2
513,Nauru,2005-08-22,4,24.96,9.11,2,2,"Canada,Australia",3
321,Nepal,2005-08-17,3,17.97,3.99,2,1,Canada,1
137,Netherlands,2005-07-06,3,17.97,4.99,1,1,Canada,1
474,Netherlands,2005-08-18,4,13.96,4.74,2,2,"Canada,Australia",2
184,Netherlands,2005-08-18,3,15.97,5.99,2,2,"Australia,Canada",3
137,Netherlands,2005-07-30,4,20.96,8.7,2,1,Australia,4
474,Netherlands,2005-07-08,5,12.95,5.99,2,2,"Canada,Australia",5
280,Nigeria,2005-07-29,5,20.95,2.99,2,2,"Australia,Canada",1
198,Nigeria,2005-07-12,3,14.97,3.24,2,2,"Canada,Australia",2
198,Nigeria,2005-08-17,6,22.94,5.15,2,2,"Australia,Canada",3
103,Nigeria,2005-08-23,5,25.95,5.99,2,2,"Australia,Canada",4
280,Nigeria,2005-08-19,3,20.97,6.48,2,2,"Australia,Canada",5
277,Nigeria,2005-06-21,3,13.97,4.39,2,1,Canada,6
156,Nigeria,2005-08-22,4,14.96,4.86,2,2,"Canada,Australia",7
103,Nigeria,2005-07-07,3,11.97,3.99,2,2,"Australia,Canada",8
80,Nigeria,2005-08-01,3,16.97,6.88,1,2,"Canada,Australia",9
284,Nigeria,2005-07-27,3,14.97,6.59,2,2,"Australia,Canada",10
157,North Korea,2005-07-29,5,12.95,4.82,2,2,"Australia,Canada",1
157,North Korea,2005-07-27,3,10.97,4.24,2,1,Australia,2
498,Oman,2005-07-27,3,16.97,3.49,1,2,"Australia,Canada",1
9,Oman,2005-08-18,3,10.97,4.39,2,2,"Canada,Australia",2
25,Pakistan,2005-07-30,3,12.97,5.23,2,2,"Australia,Canada",1
20,Pakistan,2005-08-19,3,12.97,5.7,2,2,"Canada,Australia",2
416,Pakistan,2005-08-01,3,13.97,6.15,1,2,"Canada,Australia",3
416,Pakistan,2005-07-29,3,11.97,5.49,1,2,"Canada,Australia",4
345,Paraguay,2005-07-07,3,10.97,3.99,2,2,"Australia,Canada",1
205,Paraguay,2005-08-21,4,15.96,5.99,2,2,"Australia,Canada",2
226,Paraguay,2005-08-21,4,13.96,5.98,2,2,"Australia,Canada",3
226,Paraguay,2005-08-23,4,16.96,7.38,2,2,"Canada,Australia",4
597,Peru,2005-08-02,4,16.96,3.99,2,2,"Canada,Australia",1
565,Peru,2005-08-02,3,14.97,5.1,2,2,"Canada,Australia",2
461,Philippines,2005-08-22,5,22.95,4.21,2,2,"Australia,Canada",1
27,Philippines,2005-07-31,3,18.97,3.99,2,2,"Canada,Australia",2
261,Philippines,2005-06-17,3,18.97,3.99,2,1,Australia,3
522,Philippines,2005-07-30,5,29.95,7.61,2,2,"Australia,Canada",4
71,Philippines,2005-07-10,3,18.97,4.99,2,1,Australia,5
349,Philippines,2005-08-02,3,18.97,5.1,2,2,"Australia,Canada",6
188,Philippines,2005-08-01,4,16.96,4.56,2,2,"Australia,Canada",7
434,Philippines,2005-06-18,3,15.97,4.32,2,1,Canada,8
72,Philippines,2005-07-09,3,10.97,2.99,2,2,"Australia,Canada",9
388,Philippines,2005-08-18,4,17.96,5.18,2,1,Australia,10
27,Philippines,2005-08-17,3,21.97,7.18,2,2,"Australia,Canada",11
373,Philippines,2005-07-30,3,14.97,5.24,2,2,"Canada,Australia",12
373,Philippines,2005-08-18,4,20.96,7.68,2,1,Canada,13
71,Philippines,2005-07-29,5,18.95,7.27,1,2,"Australia,Canada",14
522,Philippines,2005-06-20,3,12.97,4.99,2,2,"Canada,Australia",15
244,Philippines,2005-07-31,3,15.97,6.48,2,1,Canada,16
580,Philippines,2005-07-30,3,10.97,4.7,1,2,"Canada,Australia",17
261,Philippines,2005-07-31,3,14.97,6.98,2,1,Canada,18
72,Philippines,2005-08-17,4,13.96,6.59,2,2,"Australia,Canada",19
236,Philippines,2005-08-21,3,17.97,8.65,2,2,"Australia,Canada",20
261,Philippines,2005-08-20,3,13.97,6.78,2,2,"Australia,Canada",21
270,Poland,2005-08-01,3,18.97,6.19,2,1,Canada,1
380,Poland,2005-07-27,4,15.96,5.65,1,2,"Australia,Canada",2
380,Poland,2005-06-17,3,10.97,3.99,1,2,"Australia,Canada",3
558,Poland,2005-07-06,3,14.97,5.59,1,2,"Canada,Australia",4
128,Poland,2005-07-30,3,14.97,5.84,2,1,Canada,5
558,Poland,2005-07-12,3,15.97,6.44,2,2,"Canada,Australia",6
572,Poland,2005-08-02,4,13.96,5.76,2,2,"Canada,Australia",7
563,Romania,2005-07-08,7,29.93,2.99,2,2,"Australia,Canada",1
563,Romania,2005-07-29,4,22.96,7.58,2,1,Australia,2
230,Romania,2005-07-31,3,17.97,6.81,2,1,Canada,3
148,Runion,2005-07-28,4,20.96,6.65,2,2,"Australia,Canada",1
148,Runion,2005-07-29,4,18.96,8.7,2,2,"Canada,Australia",2
148,Runion,2005-08-22,4,22.96,10.7,1,2,"Australia,Canada",3
148,Runion,2005-06-19,3,13.97,6.99,1,1,Australia,4
100,Russian Federation,2005-06-15,3,11.97,0.99,2,1,Australia,1
376,Russian Federation,2005-07-07,3,13.97,1.66,2,2,"Australia,Canada",2
44,Russian Federation,2005-07-10,4,24.96,4.49,2,1,Australia,3
350,Russian Federation,2005-08-17,3,14.97,2.99,2,1,Canada,4
393,Russian Federation,2005-07-08,3,22.97,4.59,1,2,"Canada,Australia",5
311,Russian Federation,2005-07-31,3,20.97,4.99,2,2,"Canada,Australia",6
447,Russian Federation,2005-07-30,3,17.97,4.7,2,2,"Australia,Canada",7
106,Russian Federation,2005-08-01,3,20.97,5.99,2,1,Australia,8
487,Russian Federation,2005-07-30,3,14.97,4.41,2,2,"Canada,Australia",9
346,Russian Federation,2005-07-29,4,22.96,6.85,2,2,"Australia,Canada",10
376,Russian Federation,2005-07-12,3,18.97,5.82,2,1,Canada,11
487,Russian Federation,2005-08-01,3,16.97,5.21,2,2,"Australia,Canada",12
17,Russian Federation,2005-07-30,4,21.96,7.32,2,2,"Canada,Australia",13
160,Russian Federation,2005-08-02,3,13.97,4.7,1,2,"Australia,Canada",14
46,Russian Federation,2005-08-01,3,15.97,5.49,2,2,"Australia,Canada",15
397,Russian Federation,2005-08-18,6,14.94,5.15,2,2,"Canada,Australia",16
487,Russian Federation,2005-07-29,3,9.97,3.49,2,2,"Australia,Canada",17
462,Russian Federation,2005-07-12,4,20.96,7.49,1,2,"Canada,Australia",18
351,Russian Federation,2005-07-08,3,8.97,3.24,2,2,"Australia,Canada",19
55,Russian Federation,2005-08-19,3,13.97,5.16,2,2,"Canada,Australia",20
430,Russian Federation,2005-08-20,3,9.97,3.74,2,2,"Australia,Canada",21
301,Russian Federation,2005-07-10,3,10.97,4.16,1,1,Australia,22
462,Russian Federation,2005-08-19,3,22.97,9.12,2,2,"Australia,Canada",23
179,Russian Federation,2005-08-20,3,16.97,6.98,1,2,"Canada,Australia",24
55,Russian Federation,2005-06-20,3,12.97,5.49,1,2,"Australia,Canada",25
510,Russian Federation,2005-06-19,3,10.97,4.66,2,1,Australia,26
46,Russian Federation,2005-08-18,4,15.96,6.98,2,2,"Canada,Australia",27
222,Russian Federation,2005-07-29,3,13.97,6.19,2,2,"Australia,Canada",28
295,Russian Federation,2005-07-31,3,18.97,8.61,1,2,"Canada,Australia",29
351,Russian Federation,2005-08-23,3,10.97,4.99,2,1,Canada,30
447,Russian Federation,2005-08-02,3,12.97,5.99,2,2,"Canada,Australia",31
100,Russian Federation,2005-07-09,3,18.97,9.18,1,2,"Canada,Australia",32
295,Russian Federation,2005-07-09,3,10.97,5.43,2,2,"Canada,Australia",33
295,Russian Federation,2005-07-11,3,11.97,5.98,2,2,"Canada,Australia",34
326,Saint Vincent and the Grenadines,2005-07-29,3,13.97,5.19,2,2,"Australia,Canada",1
326,Saint Vincent and the Grenadines,2005-08-02,4,13.96,5.98,1,2,"Australia,Canada",2
417,Saudi Arabia,2005-08-21,3,14.97,5.98,2,2,"Canada,Australia",1
49,Saudi Arabia,2005-08-21,3,15.97,7.15,2,2,"Canada,Australia",2
417,Saudi Arabia,2005-08-02,3,15.97,7.38,2,2,"Canada,Australia",3
357,Slovakia,2005-07-11,3,16.97,3.82,2,2,"Canada,Australia",1
357,Slovakia,2005-08-01,4,13.96,5.36,2,2,"Australia,Canada",2
109,South Africa,2005-05-31,3,15.97,2.99,1,2,"Canada,Australia",1
145,South Africa,2005-07-07,3,20.97,3.99,2,1,Australia,2
407,South Africa,2005-07-28,4,22.96,4.59,2,2,"Canada,Australia",3
132,South Africa,2005-08-01,4,22.96,5.61,2,2,"Canada,Australia",4
145,South Africa,2005-08-19,4,15.96,4.24,2,2,"Canada,Australia",5
407,South Africa,2005-08-02,3,17.97,6.86,2,2,"Australia,Canada",6
471,South Africa,2005-08-21,3,13.97,5.56,2,2,"Canada,Australia",7
132,South Africa,2005-07-08,3,11.97,4.82,2,2,"Canada,Australia",8
125,South Africa,2005-07-29,3,10.97,5.15,2,1,Canada,9
245,South Korea,2005-07-27,5,17.95,3.99,2,2,"Australia,Canada",1
237,South Korea,2005-07-28,3,16.97,5.65,2,1,Canada,2
88,South Korea,2005-07-06,4,13.96,4.66,2,2,"Australia,Canada",3
237,South Korea,2005-08-20,3,20.97,9.85,1,2,"Canada,Australia",4
52,Spain,2005-08-22,3,15.97,4.79,2,2,"Australia,Canada",1
469,Spain,2005-08-23,3,17.97,7.15,1,1,Australia,2
469,Spain,2005-08-01,4,15.96,6.74,1,2,"Australia,Canada",3
408,Sri Lanka,2005-08-20,3,14.97,5.21,2,2,"Australia,Canada",1
50,Sudan,2005-07-10,3,21.97,3.99,2,2,"Australia,Canada",1
50,Sudan,2005-07-31,5,26.95,6.74,2,1,Australia,2
66,Sweden,2005-08-21,4,13.96,4.11,2,2,"Canada,Australia",1
66,Sweden,2005-07-11,3,18.97,7.48,2,2,"Canada,Australia",2
598,Switzerland,2005-07-06,3,12.97,2.99,2,2,"Canada,Australia",1
155,Switzerland,2005-07-11,3,15.97,4.99,2,2,"Canada,Australia",2
155,Switzerland,2005-08-21,3,14.97,6.59,2,2,"Australia,Canada",3
598,Switzerland,2005-07-12,4,14.96,6.74,2,2,"Australia,Canada",4
348,Taiwan,2005-07-08,4,20.96,4.59,2,2,"Australia,Canada",1
139,Taiwan,2005-08-22,5,21.95,4.99,2,2,"Canada,Australia",2
139,Taiwan,2005-07-09,3,17.97,4.74,2,1,Australia,3
577,Taiwan,2005-07-28,3,21.97,5.98,2,1,Australia,4
5,Taiwan,2005-07-09,3,12.97,3.99,2,2,"Australia,Canada",5
75,Taiwan,2005-07-30,3,15.97,4.98,1,1,Australia,6
517,Taiwan,2005-07-07,4,17.96,5.74,2,2,"Australia,Canada",7
30,Taiwan,2005-07-09,3,16.97,5.98,2,1,Canada,8
576,Taiwan,2005-07-31,5,21.95,8.38,2,2,"Australia,Canada",9
30,Taiwan,2005-07-28,4,19.96,8.58,2,2,"Australia,Canada",10
73,Taiwan,2005-08-02,3,10.97,5.19,2,2,"Australia,Canada",11
348,Taiwan,2005-08-02,3,13.97,6.71,2,2,"Australia,Canada",12
481,Tanzania,2005-07-08,4,16.96,3.74,1,2,"Canada,Australia",1
190,Tanzania,2005-08-02,4,24.96,6.98,2,2,"Canada,Australia",2
220,Tanzania,2005-07-10,3,6.97,1.99,1,1,Canada,3
190,Tanzania,2005-07-27,3,13.97,6.49,2,2,"Canada,Australia",4
390,Thailand,2005-08-20,6,27.94,7.15,2,2,"Canada,Australia",1
86,Thailand,2005-08-01,3,20.97,6.49,1,2,"Australia,Canada",2
42,Thailand,2005-07-28,3,10.97,4.13,1,2,"Canada,Australia",3
42,Thailand,2005-07-29,3,10.97,4.99,2,2,"Australia,Canada",4
390,Thailand,2005-07-07,3,11.97,5.79,2,2,"Australia,Canada",5
335,Tunisia,2005-07-07,4,17.96,2.99,2,2,"Canada,Australia",1
124,Turkey,2005-05-31,3,14.97,0.99,1,2,"Canada,Australia",1
172,Turkey,2005-07-08,3,17.97,1.32,2,2,"Australia,Canada",2
327,Turkey,2005-08-23,3,23.97,4.86,2,2,"Canada,Australia",3
204,Turkey,2005-08-22,3,17.97,5.59,2,1,Canada,4
327,Turkey,2005-08-22,3,11.97,3.84,2,1,Canada,5
366,Turkey,2005-07-12,3,13.97,4.7,2,2,"Australia,Canada",6
518,Turkey,2005-07-27,4,14.96,5.99,2,2,"Canada,Australia",7
480,Turkey,2005-08-19,3,15.97,6.49,1,1,Canada,8
566,Turkey,2005-07-06,3,9.97,4.24,2,1,Canada,9
366,Turkey,2005-07-27,4,14.96,7.32,2,2,"Canada,Australia",10
200,Turkmenistan,2005-08-23,3,17.97,7.11,2,2,"Canada,Australia",1
105,Tuvalu,2005-07-30,4,22.96,6.49,1,2,"Australia,Canada",1
187,Ukraine,2005-08-18,3,26.97,6.74,2,1,Australia,1
131,Ukraine,2005-08-19,4,18.96,5.54,2,1,Australia,2
82,Ukraine,2005-07-30,3,19.97,6.42,2,1,Australia,3
131,Ukraine,2005-08-18,3,11.97,4.74,2,1,Canada,4
475,Ukraine,2005-07-09,4,14.96,5.99,2,2,"Australia,Canada",5
386,Ukraine,2005-07-11,4,14.96,6.15,2,2,"Canada,Australia",6
386,Ukraine,2005-08-20,3,13.97,6.32,2,2,"Australia,Canada",7
475,Ukraine,2005-07-28,3,15.97,7.58,2,1,Canada,8
98,United Arab Emirates,2005-07-29,3,16.97,5.24,2,2,"Canada,Australia",1
452,United Arab Emirates,2005-07-06,3,13.97,5.73,2,2,"Canada,Australia",2
292,United Arab Emirates,2005-07-27,3,11.97,5.49,2,2,"Canada,Australia",3
252,United Kingdom,2005-07-27,3,6.97,1.99,2,1,Australia,1
142,United Kingdom,2005-07-30,3,16.97,4.99,1,2,"Canada,Australia",2
583,United Kingdom,2005-07-06,3,17.97,5.99,2,2,"Canada,Australia",3
477,United Kingdom,2005-07-29,3,15.97,6.79,2,2,"Canada,Australia",4
497,United Kingdom,2005-06-18,3,17.97,7.99,2,2,"Australia,Canada",5
382,United States,2005-07-30,3,21.97,2.82,1,2,"Australia,Canada",1
14,United States,2005-07-09,3,13.97,2.99,2,1,Australia,2
212,United States,2005-07-08,3,21.97,4.99,1,2,"Canada,Australia",3
149,United States,2005-06-18,3,18.97,4.49,2,2,"Canada,Australia",4
146,United States,2005-07-11,3,19.97,4.74,2,1,Canada,5
420,United States,2005-08-01,3,20.97,4.99,2,2,"Australia,Canada",6
294,United States,2005-08-01,5,20.95,5.32,2,2,"Canada,Australia",7
275,United States,2005-08-21,4,19.96,5.21,2,2,"Australia,Canada",8
276,United States,2005-07-30,4,16.96,4.59,1,2,"Canada,Australia",9
382,United States,2005-06-18,4,10.96,2.99,1,2,"Canada,Australia",10
63,United States,2005-07-10,3,16.97,4.99,2,2,"Australia,Canada",11
181,United States,2005-08-01,5,26.95,8.1,2,2,"Australia,Canada",12
158,United States,2005-08-02,4,15.96,5.1,2,2,"Canada,Australia",13
182,United States,2005-07-28,3,14.97,4.98,1,1,Australia,14
181,United States,2005-07-30,3,19.97,6.85,2,2,"Canada,Australia",15
158,United States,2005-08-23,3,14.97,5.28,1,2,"Canada,Australia",16
51,United States,2005-08-21,3,16.97,6.07,2,2,"Australia,Canada",17
51,United States,2005-07-09,3,16.97,6.49,2,2,"Canada,Australia",18
214,United States,2005-08-19,3,15.97,6.32,2,2,"Australia,Canada",19
305,United States,2005-08-02,3,13.97,5.54,2,2,"Australia,Canada",20
526,United States,2005-06-17,4,14.96,5.99,2,2,"Canada,Australia",21
593,United States,2005-08-01,3,13.97,5.61,2,2,"Australia,Canada",22
146,United States,2005-08-02,4,17.96,7.39,2,2,"Australia,Canada",23
146,United States,2005-08-17,3,17.97,7.65,1,1,Canada,24
276,United States,2005-08-18,3,15.97,6.84,2,2,"Australia,Canada",25
479,United States,2005-06-17,4,13.96,5.99,2,2,"Australia,Canada",26
2,United States,2005-07-30,5,30.95,13.97,2,2,"Australia,Canada",27
269,United States,2005-07-12,3,13.97,6.39,2,2,"Australia,Canada",28
112,United States,2005-07-31,4,17.96,8.23,2,2,"Australia,Canada",29
457,United States,2005-06-19,3,9.97,4.59,1,1,Canada,30
212,United States,2005-08-18,3,12.97,5.98,2,1,Australia,31
6,United States,2005-08-17,3,8.97,4.24,1,2,"Canada,Australia",32
526,United States,2005-07-27,4,16.96,8.38,1,2,"Canada,Australia",33
290,Venezuela,2005-06-15,3,20.97,2.99,2,2,"Canada,Australia",1
113,Venezuela,2005-06-20,3,16.97,2.59,2,1,Australia,2
539,Venezuela,2005-06-15,3,9.97,2.99,2,1,Australia,3
174,Venezuela,2005-08-01,3,16.97,5.49,2,2,"Canada,Australia",4
453,Venezuela,2005-08-21,4,18.96,6.32,2,2,"Australia,Canada",5
111,Venezuela,2005-08-02,3,12.97,4.99,2,2,"Canada,Australia",6
520,Vietnam,2005-07-10,3,19.97,4.82,2,2,"Canada,Australia",1
340,Vietnam,2005-07-29,4,15.96,3.99,2,2,"Canada,Australia",2
472,Vietnam,2005-07-11,3,18.97,4.86,2,2,"Canada,Australia",3
532,Vietnam,2005-07-09,3,15.97,4.24,2,2,"Canada,Australia",4
520,Vietnam,2005-08-18,3,16.97,4.65,1,2,"Australia,Canada",5
340,Vietnam,2005-08-01,4,16.96,6.18,2,2,"Canada,Australia",6
532,Vietnam,2005-08-19,3,18.97,7.7,2,2,"Australia,Canada",7
199,Vietnam,2005-08-01,3,16.97,7.55,2,2,"Canada,Australia",8
340,Vietnam,2005-08-22,3,15.97,7.35,2,2,"Canada,Australia",9
472,Vietnam,2005-08-21,3,14.97,6.99,2,1,Australia,10
406,"Virgin Islands, U.S.",2005-07-27,4,23.96,3.74,2,2,"Australia,Canada",1
470,Yemen,2005-07-06,3,15.97,4.99,1,2,"Australia,Canada",1
470,Yemen,2005-08-18,3,23.97,7.98,2,2,"Australia,Canada",2
213,Yemen,2005-07-30,3,14.97,5.27,2,2,"Australia,Canada",3
210,Yemen,2005-07-07,4,12.96,4.65,2,1,Australia,4
210,Yemen,2005-07-08,3,17.97,6.73,1,2,"Canada,Australia",5
7,Yugoslavia,2005-08-01,4,22.96,6.65,2,2,"Australia,Canada",1
553,Yugoslavia,2005-07-06,5,22.95,6.74,2,2,"Canada,Australia",2
