customer_id,customer_first_name,customer_last_name,staff_id,staff_first_name,staff_last_name,payment_count,total_amount,average_check,payments_above_5_share,staff_payment_count,staff_total_amount
454,ALEX,GRESHAM,1,Mike,Hillyer,10,52.9,5.29,0.4,5,17.95
454,ALEX,GRESHAM,2,Jon,Stephens,10,52.9,5.29,0.4,5,34.95
178,MARION,SNYDER,2,Jon,Stephens,8,44.92,5.62,0.5,5,22.95
178,MARION,SNYDER,1,Mike,Hillyer,8,44.92,5.62,0.5,3,21.97
176,JUNE,CARROLL,1,Mike,Hillyer,8,42.92,5.37,0.5,6,37.94
176,JUNE,CARROLL,2,Jon,Stephens,8,42.92,5.37,0.5,2,4.98
26,JESSICA,HALL,1,Mike,Hillyer,7,41.93,5.99,0.4286,4,25.96
26,JESSICA,HALL,2,Jon,Stephens,7,41.93,5.99,0.4286,3,15.97
526,KARL,SEAL,2,Jon,Stephens,9,41.91,4.66,0.3333,5,23.95
526,KARL,SEAL,1,Mike,Hillyer,9,41.91,4.66,0.3333,4,17.96
322,JASON,MORRISSEY,1,Mike,Hillyer,7,40.93,5.85,0.5714,4,20.96
322,JASON,MORRISSEY,2,Jon,Stephens,7,40.93,5.85,0.5714,3,19.97
550,GUY,BROWNLEE,1,Mike,Hillyer,6,39.94,6.66,0.5,4,24.96
550,GUY,BROWNLEE,2,Jon,Stephens,6,39.94,6.66,0.5,2,14.98
267,MARGIE,WADE,2,Jon,Stephens,9,38.91,4.32,0.2222,7,29.93
267,MARGIE,WADE,1,Mike,Hillyer,9,38.91,4.32,0.2222,2,8.98
289,VIOLET,RODRIQUEZ,2,Jon,Stephens,6,37.94,6.32,0.6667,4,19.96
289,VIOLET,RODRIQUEZ,1,Mike,Hillyer,6,37.94,6.32,0.6667,2,17.98
341,PETER,MENARD,1,Mike,Hillyer,7,37.93,5.42,0.5714,4,18.96
341,PETER,MENARD,2,Jon,Stephens,7,37.93,5.42,0.5714,3,18.97
236,MARCIA,DEAN,2,Jon,Stephens,8,37.92,4.74,0.375,5,28.95
236,MARCIA,DEAN,1,Mike,Hillyer,8,37.92,4.74,0.375,3,8.97
234,CLAUDIA,FULLER,2,Jon,Stephens,8,36.92,4.62,0.375,6,28.94
234,CLAUDIA,FULLER,1,Mike,Hillyer,8,36.92,4.62,0.375,2,7.98
193,KATIE,ELLIOTT,2,Jon,Stephens,6,35.94,5.99,0.5,4,21.96
403,MIKE,WAY,1,Mike,Hillyer,6,35.94,5.99,0.5,3,19.97
403,MIKE,WAY,2,Jon,Stephens,6,35.94,5.99,0.5,3,15.97
193,KATIE,ELLIOTT,1,Mike,Hillyer,6,35.94,5.99,0.5,2,13.98
431,JOEL,FRANCISCO,2,Jon,Stephens,7,35.93,5.13,0.2857,5,26.95
431,JOEL,FRANCISCO,1,Mike,Hillyer,7,35.93,5.13,0.2857,2,8.98
293,MAE,FLETCHER,1,Mike,Hillyer,7,35.93,5.13,0.2857,4,22.96
316,STEVEN,CURLEY,2,Jon,Stephens,7,35.93,5.13,0.1429,4,20.96
293,MAE,FLETCHER,2,Jon,Stephens,7,35.93,5.13,0.2857,3,12.97
316,STEVEN,CURLEY,1,Mike,Hillyer,7,35.93,5.13,0.1429,3,14.97
340,PATRICK,NEWSOM,1,Mike,Hillyer,8,35.92,4.49,0.375,5,19.95
340,PATRICK,NEWSOM,2,Jon,Stephens,8,35.92,4.49,0.375,3,15.97
213,GINA,WILLIAMSON,1,Mike,Hillyer,9,35.91,3.99,0.2222,6,18.94
213,GINA,WILLIAMSON,2,Jon,Stephens,9,35.91,3.99,0.2222,3,16.97
31,BRENDA,WRIGHT,2,Jon,Stephens,11,35.89,3.26,0.1818,6,22.94
31,BRENDA,WRIGHT,1,Mike,Hillyer,11,35.89,3.26,0.1818,5,12.95
384,ERNEST,STEPP,2,Jon,Stephens,7,34.93,4.99,0.4286,4,15.96
384,ERNEST,STEPP,1,Mike,Hillyer,7,34.93,4.99,0.4286,3,18.97
338,DENNIS,GILMAN,1,Mike,Hillyer,7,34.93,4.99,0.4286,5,24.95
338,DENNIS,GILMAN,2,Jon,Stephens,7,34.93,4.99,0.4286,2,9.98
260,CHRISTY,VARGAS,1,Mike,Hillyer,8,34.92,4.37,0.25,5,24.95
260,CHRISTY,VARGAS,2,Jon,Stephens,8,34.92,4.37,0.25,3,9.97
25,DEBORAH,WALKER,1,Mike,Hillyer,6,33.94,5.66,0.3333,4,17.96
25,DEBORAH,WALKER,2,Jon,Stephens,6,33.94,5.66,0.3333,2,15.98
576,MORRIS,MCCARTER,2,Jon,Stephens,7,33.93,4.85,0.2857,4,23.96
576,MORRIS,MCCARTER,1,Mike,Hillyer,7,33.93,4.85,0.2857,3,9.97
510,BEN,EASTER,2,Jon,Stephens,8,33.92,4.24,0.5,7,24.93
510,BEN,EASTER,1,Mike,Hillyer,8,33.92,4.24,0.5,1,8.99
561,IAN,STILL,1,Mike,Hillyer,9,33.91,3.77,0.1111,6,22.94
561,IAN,STILL,2,Jon,Stephens,9,33.91,3.77,0.1111,3,10.97
571,JOHNNIE,CHISHOLM,1,Mike,Hillyer,6,32.94,5.49,0.1667,4,23.96
571,JOHNNIE,CHISHOLM,2,Jon,Stephens,6,32.94,5.49,0.1667,2,8.98
171,DOLORES,WAGNER,2,Jon,Stephens,7,32.93,4.7,0.4286,6,27.94
570,IVAN,CROMWELL,2,Jon,Stephens,7,32.93,4.7,0.2857,6,27.94
46,CATHERINE,CAMPBELL,2,Jon,Stephens,7,32.93,4.7,0.1429,5,24.95
149,VALERIE,BLACK,2,Jon,Stephens,7,32.93,4.7,0.4286,4,22.96
149,VALERIE,BLACK,1,Mike,Hillyer,7,32.93,4.7,0.4286,3,9.97
46,CATHERINE,CAMPBELL,1,Mike,Hillyer,7,32.93,4.7,0.1429,2,7.98
171,DOLORES,WAGNER,1,Mike,Hillyer,7,32.93,4.7,0.4286,1,4.99
570,IVAN,CROMWELL,1,Mike,Hillyer,7,32.93,4.7,0.2857,1,4.99
295,DAISY,BATES,1,Mike,Hillyer,9,32.91,3.66,0.2222,7,20.93
295,DAISY,BATES,2,Jon,Stephens,9,32.91,3.66,0.2222,2,11.98
21,MICHELLE,CLARK,1,Mike,Hillyer,5,31.95,6.39,0.4,3,18.97
347,RYAN,SALISBURY,1,Mike,Hillyer,5,31.95,6.39,0.6,3,21.97
21,MICHELLE,CLARK,2,Jon,Stephens,5,31.95,6.39,0.4,2,12.98
347,RYAN,SALISBURY,2,Jon,Stephens,5,31.95,6.39,0.6,2,9.98
478,LEWIS,LYMAN,2,Jon,Stephens,6,31.94,5.32,0.3333,4,23.96
204,ROSEMARY,SCHMIDT,1,Mike,Hillyer,6,31.94,5.32,0.3333,3,15.97
204,ROSEMARY,SCHMIDT,2,Jon,Stephens,6,31.94,5.32,0.3333,3,15.97
478,LEWIS,LYMAN,1,Mike,Hillyer,6,31.94,5.32,0.3333,2,7.98
200,JEANNE,LAWSON,2,Jon,Stephens,7,31.93,4.56,0.1429,5,22.95
491,RICK,MATTOX,2,Jon,Stephens,7,31.93,4.56,0.0,4,17.96
491,RICK,MATTOX,1,Mike,Hillyer,7,31.93,4.56,0.0,3,13.97
200,JEANNE,LAWSON,1,Mike,Hillyer,7,31.93,4.56,0.1429,2,8.98
1,MARY,SMITH,1,Mike,Hillyer,7,31.93,4.56,0.2857,4,19.96
299,JAMES,GANNON,1,Mike,Hillyer,7,31.93,4.56,0.2857,4,18.96
1,MARY,SMITH,2,Jon,Stephens,7,31.93,4.56,0.2857,3,11.97
299,JAMES,GANNON,2,Jon,Stephens,7,31.93,4.56,0.2857,3,12.97
197,SUE,PETERS,1,Mike,Hillyer,8,31.92,3.99,0.125,4,11.96
197,SUE,PETERS,2,Jon,Stephens,8,31.92,3.99,0.125,4,19.96
196,ALMA,AUSTIN,1,Mike,Hillyer,8,31.92,3.99,0.25,4,14.96
196,ALMA,AUSTIN,2,Jon,Stephens,8,31.92,3.99,0.25,4,16.96
589,TRACY,HERRMANN,1,Mike,Hillyer,5,30.95,6.19,0.4,3,16.97
590,SETH,HANNON,2,Jon,Stephens,5,30.95,6.19,0.6,3,13.97
589,TRACY,HERRMANN,2,Jon,Stephens,5,30.95,6.19,0.4,2,13.98
590,SETH,HANNON,1,Mike,Hillyer,5,30.95,6.19,0.6,2,16.98
89,JULIA,FLORES,1,Mike,Hillyer,5,30.95,6.19,0.6,4,22.96
89,JULIA,FLORES,2,Jon,Stephens,5,30.95,6.19,0.6,1,7.99
368,HARRY,ARCE,1,Mike,Hillyer,6,30.94,5.16,0.1667,5,25.95
327,LARRY,THRASHER,2,Jon,Stephens,6,30.94,5.16,0.3333,4,20.96
327,LARRY,THRASHER,1,Mike,Hillyer,6,30.94,5.16,0.3333,2,9.98
368,HARRY,ARCE,2,Jon,Stephens,6,30.94,5.16,0.1667,1,4.99
256,MABEL,HOLLAND,2,Jon,Stephens,7,30.93,4.42,0.1429,4,15.96
256,MABEL,HOLLAND,1,Mike,Hillyer,7,30.93,4.42,0.1429,3,14.97
343,DOUGLAS,GRAF,2,Jon,Stephens,7,30.93,4.42,0.4286,4,13.96
343,DOUGLAS,GRAF,1,Mike,Hillyer,7,30.93,4.42,0.4286,3,16.97
27,SHIRLEY,ALLEN,2,Jon,Stephens,8,30.92,3.87,0.0,5,18.95
27,SHIRLEY,ALLEN,1,Mike,Hillyer,8,30.92,3.87,0.0,3,11.97
457,BILL,GAVIN,1,Mike,Hillyer,9,30.91,3.43,0.1111,5,18.95
457,BILL,GAVIN,2,Jon,Stephens,9,30.91,3.43,0.1111,4,11.96
75,TAMMY,SANDERS,1,Mike,Hillyer,5,29.95,5.99,0.4,3,17.97
75,TAMMY,SANDERS,2,Jon,Stephens,5,29.95,5.99,0.4,2,11.98
120,SYLVIA,ORTIZ,1,Mike,Hillyer,6,29.94,4.99,0.1667,5,26.95
253,TERRY,CARLSON,2,Jon,Stephens,6,29.94,4.99,0.3333,4,19.96
242,GLENDA,FRAZIER,1,Mike,Hillyer,6,29.94,4.99,0.0,3,14.97
242,GLENDA,FRAZIER,2,Jon,Stephens,6,29.94,4.99,0.0,3,14.97
253,TERRY,CARLSON,1,Mike,Hillyer,6,29.94,4.99,0.3333,2,9.98
120,SYLVIA,ORTIZ,2,Jon,Stephens,6,29.94,4.99,0.1667,1,2.99
163,CATHY,SPENCER,2,Jon,Stephens,6,29.94,4.99,0.5,4,21.96
583,MARSHALL,THORN,1,Mike,Hillyer,6,29.94,4.99,0.3333,3,14.97
583,MARSHALL,THORN,2,Jon,Stephens,6,29.94,4.99,0.3333,3,14.97
163,CATHY,SPENCER,1,Mike,Hillyer,6,29.94,4.99,0.5,2,7.98
66,JANICE,WARD,1,Mike,Hillyer,7,29.93,4.28,0.1429,5,19.95
66,JANICE,WARD,2,Jon,Stephens,7,29.93,4.28,0.1429,2,9.98
466,LEO,EBERT,2,Jon,Stephens,5,28.95,5.79,0.4,4,24.96
466,LEO,EBERT,1,Mike,Hillyer,5,28.95,5.79,0.4,1,3.99
277,OLGA,JIMENEZ,2,Jon,Stephens,7,28.93,4.13,0.1429,4,16.96
434,EDDIE,TOMLIN,1,Mike,Hillyer,7,28.93,4.13,0.2857,4,11.96
277,OLGA,JIMENEZ,1,Mike,Hillyer,7,28.93,4.13,0.1429,3,11.97
434,EDDIE,TOMLIN,2,Jon,Stephens,7,28.93,4.13,0.2857,3,16.97
329,FRANK,WAGGONER,1,Mike,Hillyer,9,28.91,3.21,0.2222,5,18.95
329,FRANK,WAGGONER,2,Jon,Stephens,9,28.91,3.21,0.2222,4,9.96
558,JIMMIE,EGGLESTON,2,Jon,Stephens,5,27.95,5.59,0.2,4,25.96
155,GAIL,KNIGHT,1,Mike,Hillyer,5,27.95,5.59,0.4,3,20.97
423,ALFRED,CASILLAS,1,Mike,Hillyer,5,27.95,5.59,0.6,3,19.97
506,LESLIE,SEWARD,1,Mike,Hillyer,5,27.95,5.59,0.6,3,19.97
155,GAIL,KNIGHT,2,Jon,Stephens,5,27.95,5.59,0.4,2,6.98
423,ALFRED,CASILLAS,2,Jon,Stephens,5,27.95,5.59,0.6,2,7.98
506,LESLIE,SEWARD,2,Jon,Stephens,5,27.95,5.59,0.6,2,7.98
558,JIMMIE,EGGLESTON,1,Mike,Hillyer,5,27.95,5.59,0.2,1,1.99
113,CINDY,FISHER,1,Mike,Hillyer,6,27.94,4.66,0.3333,4,21.96
310,DANIEL,CABRAL,2,Jon,Stephens,6,27.94,4.66,0.3333,4,18.96
383,MARTIN,BALES,1,Mike,Hillyer,6,27.94,4.66,0.3333,4,21.96
113,CINDY,FISHER,2,Jon,Stephens,6,27.94,4.66,0.3333,2,5.98
310,DANIEL,CABRAL,1,Mike,Hillyer,6,27.94,4.66,0.3333,2,8.98
383,MARTIN,BALES,2,Jon,Stephens,6,27.94,4.66,0.3333,2,5.98
380,RUSSELL,BRINSON,1,Mike,Hillyer,8,27.92,3.49,0.0,6,23.94
380,RUSSELL,BRINSON,2,Jon,Stephens,8,27.92,3.49,0.0,2,3.98
388,CRAIG,MORRELL,1,Mike,Hillyer,5,26.95,5.39,0.6,3,11.97
388,CRAIG,MORRELL,2,Jon,Stephens,5,26.95,5.39,0.6,2,14.98
39,DEBRA,NELSON,1,Mike,Hillyer,6,26.94,4.49,0.1667,4,20.96
405,LEONARD,SCHOFIELD,1,Mike,Hillyer,6,26.94,4.49,0.3333,3,11.97
405,LEONARD,SCHOFIELD,2,Jon,Stephens,6,26.94,4.49,0.3333,3,14.97
39,DEBRA,NELSON,2,Jon,Stephens,6,26.94,4.49,0.1667,2,5.98
12,NANCY,THOMAS,2,Jon,Stephens,6,26.94,4.49,0.5,5,25.95
12,NANCY,THOMAS,1,Mike,Hillyer,6,26.94,4.49,0.5,1,0.99
406,NATHAN,RUNYON,1,Mike,Hillyer,7,26.93,3.85,0.1429,4,20.96
406,NATHAN,RUNYON,2,Jon,Stephens,7,26.93,3.85,0.1429,3,5.97
268,NINA,SOTO,1,Mike,Hillyer,8,26.92,3.37,0.0,4,9.96
268,NINA,SOTO,2,Jon,Stephens,8,26.92,3.37,0.0,4,16.96
109,EDNA,WEST,2,Jon,Stephens,5,25.95,5.19,0.6,5,25.95
68,NICOLE,PETERSON,2,Jon,Stephens,5,25.95,5.19,0.4,4,22.96
201,VICKI,FIELDS,1,Mike,Hillyer,5,25.95,5.19,0.4,4,18.96
87,WANDA,PATTERSON,2,Jon,Stephens,5,25.95,5.19,0.2,3,17.97
339,WALTER,PERRYMAN,1,Mike,Hillyer,5,25.95,5.19,0.2,3,16.97
390,SHAWN,HEATON,2,Jon,Stephens,5,25.95,5.19,0.6,3,11.97
500,REGINALD,KINDER,2,Jon,Stephens,5,25.95,5.19,0.6,3,16.97
556,ARMANDO,GRUBER,2,Jon,Stephens,5,25.95,5.19,0.6,3,13.97
87,WANDA,PATTERSON,1,Mike,Hillyer,5,25.95,5.19,0.2,2,7.98
339,WALTER,PERRYMAN,2,Jon,Stephens,5,25.95,5.19,0.2,2,8.98
390,SHAWN,HEATON,1,Mike,Hillyer,5,25.95,5.19,0.6,2,13.98
500,REGINALD,KINDER,1,Mike,Hillyer,5,25.95,5.19,0.6,2,8.98
556,ARMANDO,GRUBER,1,Mike,Hillyer,5,25.95,5.19,0.6,2,11.98
68,NICOLE,PETERSON,1,Mike,Hillyer,5,25.95,5.19,0.4,1,2.99
201,VICKI,FIELDS,2,Jon,Stephens,5,25.95,5.19,0.4,1,6.99
16,SANDRA,MARTIN,1,Mike,Hillyer,5,25.95,5.19,0.6,3,17.97
16,SANDRA,MARTIN,2,Jon,Stephens,5,25.95,5.19,0.6,2,7.98
290,KRISTINA,CHAMBERS,2,Jon,Stephens,5,25.95,5.19,0.4,3,14.97
290,KRISTINA,CHAMBERS,1,Mike,Hillyer,5,25.95,5.19,0.4,2,10.98
186,HOLLY,FOX,1,Mike,Hillyer,6,25.94,4.32,0.0,4,15.96
444,MARCUS,HIDALGO,2,Jon,Stephens,6,25.94,4.32,0.3333,4,19.96
98,LILLIAN,GRIFFIN,1,Mike,Hillyer,6,25.94,4.32,0.1667,3,9.97
98,LILLIAN,GRIFFIN,2,Jon,Stephens,6,25.94,4.32,0.1667,3,15.97
186,HOLLY,FOX,2,Jon,Stephens,6,25.94,4.32,0.0,2,9.98
444,MARCUS,HIDALGO,1,Mike,Hillyer,6,25.94,4.32,0.3333,2,5.98
515,ANDRE,RAPP,2,Jon,Stephens,6,25.94,4.32,0.1667,5,20.95
515,ANDRE,RAPP,1,Mike,Hillyer,6,25.94,4.32,0.1667,1,4.99
122,THELMA,MURRAY,2,Jon,Stephens,7,25.93,3.7,0.1429,4,18.96
122,THELMA,MURRAY,1,Mike,Hillyer,7,25.93,3.7,0.1429,3,6.97
459,TOMMY,COLLAZO,2,Jon,Stephens,7,25.93,3.7,0.1429,6,24.94
456,RONNIE,RICKETTS,1,Mike,Hillyer,7,25.93,3.7,0.2857,5,12.95
146,JAMIE,RICE,1,Mike,Hillyer,7,25.93,3.7,0.1429,4,12.96
146,JAMIE,RICE,2,Jon,Stephens,7,25.93,3.7,0.1429,3,12.97
456,RONNIE,RICKETTS,2,Jon,Stephens,7,25.93,3.7,0.2857,2,12.98
459,TOMMY,COLLAZO,1,Mike,Hillyer,7,25.93,3.7,0.1429,1,0.99
336,JOSHUA,MARK,2,Jon,Stephens,8,25.92,3.24,0.0,5,16.95
336,JOSHUA,MARK,1,Mike,Hillyer,8,25.92,3.24,0.0,3,8.97
448,MIGUEL,BETANCOURT,2,Jon,Stephens,5,24.95,4.99,0.6,4,18.96
588,MARION,OCAMPO,2,Jon,Stephens,5,24.95,4.99,0.4,4,21.96
24,KIMBERLY,LEE,1,Mike,Hillyer,5,24.95,4.99,0.4,3,11.97
108,TRACY,COLE,1,Mike,Hillyer,5,24.95,4.99,0.2,3,14.97
592,TERRANCE,ROUSH,1,Mike,Hillyer,5,24.95,4.99,0.6,3,11.97
24,KIMBERLY,LEE,2,Jon,Stephens,5,24.95,4.99,0.4,2,12.98
108,TRACY,COLE,2,Jon,Stephens,5,24.95,4.99,0.2,2,9.98
592,TERRANCE,ROUSH,2,Jon,Stephens,5,24.95,4.99,0.6,2,12.98
448,MIGUEL,BETANCOURT,1,Mike,Hillyer,5,24.95,4.99,0.6,1,5.99
588,MARION,OCAMPO,1,Mike,Hillyer,5,24.95,4.99,0.4,1,2.99
472,GREG,ROBINS,1,Mike,Hillyer,6,24.94,4.16,0.3333,5,17.95
472,GREG,ROBINS,2,Jon,Stephens,6,24.94,4.16,0.3333,1,6.99
107,FLORENCE,WOODS,2,Jon,Stephens,7,24.93,3.56,0.1429,6,20.94
62,JOAN,COOPER,1,Mike,Hillyer,7,24.93,3.56,0.2857,5,12.95
86,JACQUELINE,LONG,2,Jon,Stephens,7,24.93,3.56,0.0,4,13.96
86,JACQUELINE,LONG,1,Mike,Hillyer,7,24.93,3.56,0.0,3,10.97
62,JOAN,COOPER,2,Jon,Stephens,7,24.93,3.56,0.2857,2,11.98
107,FLORENCE,WOODS,1,Mike,Hillyer,7,24.93,3.56,0.1429,1,3.99
49,JOYCE,EDWARDS,2,Jon,Stephens,5,23.95,4.79,0.4,4,22.96
221,BESSIE,MORRISON,1,Mike,Hillyer,5,23.95,4.79,0.4,4,20.96
297,SHERRI,RHODES,1,Mike,Hillyer,5,23.95,4.79,0.2,4,18.96
320,ANTHONY,SCHWAB,2,Jon,Stephens,5,23.95,4.79,0.2,4,18.96
239,MINNIE,ROMERO,1,Mike,Hillyer,5,23.95,4.79,0.2,3,15.97
239,MINNIE,ROMERO,2,Jon,Stephens,5,23.95,4.79,0.2,2,7.98
49,JOYCE,EDWARDS,1,Mike,Hillyer,5,23.95,4.79,0.4,1,0.99
221,BESSIE,MORRISON,2,Jon,Stephens,5,23.95,4.79,0.4,1,2.99
297,SHERRI,RHODES,2,Jon,Stephens,5,23.95,4.79,0.2,1,4.99
320,ANTHONY,SCHWAB,1,Mike,Hillyer,5,23.95,4.79,0.2,1,4.99
215,JESSIE,BANKS,2,Jon,Stephens,6,23.94,3.99,0.0,5,20.95
479,ZACHARY,HITE,2,Jon,Stephens,6,23.94,3.99,0.1667,5,20.95
439,ALEXANDER,FENNELL,1,Mike,Hillyer,6,23.94,3.99,0.1667,4,17.96
439,ALEXANDER,FENNELL,2,Jon,Stephens,6,23.94,3.99,0.1667,2,5.98
215,JESSIE,BANKS,1,Mike,Hillyer,6,23.94,3.99,0.0,1,2.99
479,ZACHARY,HITE,1,Mike,Hillyer,6,23.94,3.99,0.1667,1,2.99
468,TIM,CARY,1,Mike,Hillyer,6,23.94,3.99,0.1667,4,15.96
468,TIM,CARY,2,Jon,Stephens,6,23.94,3.99,0.1667,2,7.98
261,DEANNA,BYRD,1,Mike,Hillyer,6,23.94,3.99,0.3333,3,9.97
261,DEANNA,BYRD,2,Jon,Stephens,6,23.94,3.99,0.3333,3,13.97
594,EDUARDO,HIATT,1,Mike,Hillyer,6,23.94,3.99,0.3333,3,14.97
594,EDUARDO,HIATT,2,Jon,Stephens,6,23.94,3.99,0.3333,3,8.97
187,BRITTANY,RILEY,2,Jon,Stephens,7,23.93,3.42,0.2857,5,14.95
187,BRITTANY,RILEY,1,Mike,Hillyer,7,23.93,3.42,0.2857,2,8.98
371,BILLY,POULIN,2,Jon,Stephens,7,23.93,3.42,0.2857,4,10.96
371,BILLY,POULIN,1,Mike,Hillyer,7,23.93,3.42,0.2857,3,12.97
148,ELEANOR,HUNT,2,Jon,Stephens,5,22.95,4.59,0.4,4,20.96
363,ROY,WHITING,2,Jon,Stephens,5,22.95,4.59,0.0,3,12.97
363,ROY,WHITING,1,Mike,Hillyer,5,22.95,4.59,0.0,2,9.98
148,ELEANOR,HUNT,1,Mike,Hillyer,5,22.95,4.59,0.4,1,1.99
517,BRAD,MCCURDY,1,Mike,Hillyer,5,22.95,4.59,0.2,3,14.97
517,BRAD,MCCURDY,2,Jon,Stephens,5,22.95,4.59,0.2,2,7.98
111,CARMEN,OWENS,2,Jon,Stephens,6,22.94,3.82,0.1667,5,15.95
144,CLARA,SHAW,1,Mike,Hillyer,6,22.94,3.82,0.1667,5,17.95
307,JOSEPH,JOY,1,Mike,Hillyer,6,22.94,3.82,0.1667,4,13.96
307,JOSEPH,JOY,2,Jon,Stephens,6,22.94,3.82,0.1667,2,8.98
111,CARMEN,OWENS,1,Mike,Hillyer,6,22.94,3.82,0.1667,1,6.99
144,CLARA,SHAW,2,Jon,Stephens,6,22.94,3.82,0.1667,1,4.99
410,CURTIS,IRBY,1,Mike,Hillyer,6,22.94,3.82,0.1667,4,15.96
516,ELMER,NOE,1,Mike,Hillyer,6,22.94,3.82,0.1667,4,16.96
410,CURTIS,IRBY,2,Jon,Stephens,6,22.94,3.82,0.1667,2,6.98
516,ELMER,NOE,2,Jon,Stephens,6,22.94,3.82,0.1667,2,5.98
451,JIM,REA,1,Mike,Hillyer,7,22.93,3.28,0.2857,6,21.94
450,JAY,ROBB,1,Mike,Hillyer,7,22.93,3.28,0.0,4,13.96
452,TOM,MILNER,1,Mike,Hillyer,7,22.93,3.28,0.1429,4,11.96
450,JAY,ROBB,2,Jon,Stephens,7,22.93,3.28,0.0,3,8.97
452,TOM,MILNER,2,Jon,Stephens,7,22.93,3.28,0.1429,3,10.97
451,JIM,REA,2,Jon,Stephens,7,22.93,3.28,0.2857,1,0.99
330,SCOTT,SHELLEY,2,Jon,Stephens,5,21.95,4.39,0.4,3,9.97
543,LANCE,PEMBERTON,2,Jon,Stephens,5,21.95,4.39,0.2,3,15.97
330,SCOTT,SHELLEY,1,Mike,Hillyer,5,21.95,4.39,0.4,2,11.98
543,LANCE,PEMBERTON,1,Mike,Hillyer,5,21.95,4.39,0.2,2,5.98
77,JANE,BENNETT,1,Mike,Hillyer,5,21.95,4.39,0.2,3,11.97
328,JEFFREY,SPEAR,2,Jon,Stephens,5,21.95,4.39,0.4,3,15.97
77,JANE,BENNETT,2,Jon,Stephens,5,21.95,4.39,0.2,2,9.98
328,JEFFREY,SPEAR,1,Mike,Hillyer,5,21.95,4.39,0.4,2,5.98
273,PRISCILLA,LOWE,2,Jon,Stephens,5,21.95,4.39,0.4,3,18.97
273,PRISCILLA,LOWE,1,Mike,Hillyer,5,21.95,4.39,0.4,2,2.98
130,CHARLOTTE,HUNTER,1,Mike,Hillyer,6,21.94,3.66,0.1667,3,12.97
130,CHARLOTTE,HUNTER,2,Jon,Stephens,6,21.94,3.66,0.1667,3,8.97
319,RONALD,WEINER,2,Jon,Stephens,6,21.94,3.66,0.0,4,13.96
319,RONALD,WEINER,1,Mike,Hillyer,6,21.94,3.66,0.0,2,7.98
29,ANGELA,HERNANDEZ,1,Mike,Hillyer,7,21.93,3.13,0.1429,5,15.95
96,DIANA,ALEXANDER,2,Jon,Stephens,7,21.93,3.13,0.2857,4,15.96
96,DIANA,ALEXANDER,1,Mike,Hillyer,7,21.93,3.13,0.2857,3,5.97
29,ANGELA,HERNANDEZ,2,Jon,Stephens,7,21.93,3.13,0.1429,2,5.98
352,ALBERT,CROUSE,1,Mike,Hillyer,5,20.95,4.19,0.0,4,15.96
471,DEAN,SAUER,2,Jon,Stephens,5,20.95,4.19,0.0,4,15.96
352,ALBERT,CROUSE,2,Jon,Stephens,5,20.95,4.19,0.0,1,4.99
471,DEAN,SAUER,1,Mike,Hillyer,5,20.95,4.19,0.0,1,4.99
57,EVELYN,MORGAN,1,Mike,Hillyer,5,20.95,4.19,0.4,4,12.96
82,KATHRYN,COLEMAN,1,Mike,Hillyer,5,20.95,4.19,0.4,3,18.97
82,KATHRYN,COLEMAN,2,Jon,Stephens,5,20.95,4.19,0.4,2,1.98
57,EVELYN,MORGAN,2,Jon,Stephens,5,20.95,4.19,0.4,1,7.99
116,VICTORIA,GIBSON,2,Jon,Stephens,6,20.94,3.49,0.0,4,11.96
116,VICTORIA,GIBSON,1,Mike,Hillyer,6,20.94,3.49,0.0,2,8.98
446,THEODORE,CULP,2,Jon,Stephens,6,20.94,3.49,0.1667,4,12.96
446,THEODORE,CULP,1,Mike,Hillyer,6,20.94,3.49,0.1667,2,7.98
230,JOY,GEORGE,2,Jon,Stephens,6,20.94,3.49,0.1667,4,14.96
230,JOY,GEORGE,1,Mike,Hillyer,6,20.94,3.49,0.1667,2,5.98
190,YOLANDA,WEAVER,1,Mike,Hillyer,5,19.95,3.99,0.0,5,19.95
194,KRISTEN,CHAVEZ,1,Mike,Hillyer,5,19.95,3.99,0.2,5,19.95
5,ELIZABETH,BROWN,2,Jon,Stephens,5,19.95,3.99,0.0,4,15.96
364,BENJAMIN,VARNEY,2,Jon,Stephens,5,19.95,3.99,0.0,4,16.96
94,NORMA,GONZALES,2,Jon,Stephens,5,19.95,3.99,0.0,3,11.97
249,DORA,MEDINA,2,Jon,Stephens,5,19.95,3.99,0.4,3,12.97
308,THOMAS,GRIGSBY,1,Mike,Hillyer,5,19.95,3.99,0.2,3,9.97
393,PHILIP,CAUSEY,2,Jon,Stephens,5,19.95,3.99,0.2,3,7.97
94,NORMA,GONZALES,1,Mike,Hillyer,5,19.95,3.99,0.0,2,7.98
249,DORA,MEDINA,1,Mike,Hillyer,5,19.95,3.99,0.4,2,6.98
308,THOMAS,GRIGSBY,2,Jon,Stephens,5,19.95,3.99,0.2,2,9.98
393,PHILIP,CAUSEY,1,Mike,Hillyer,5,19.95,3.99,0.2,2,11.98
5,ELIZABETH,BROWN,1,Mike,Hillyer,5,19.95,3.99,0.0,1,3.99
364,BENJAMIN,VARNEY,1,Mike,Hillyer,5,19.95,3.99,0.0,1,2.99
426,BRADLEY,MOTLEY,1,Mike,Hillyer,5,19.95,3.99,0.4,5,19.95
85,ANNE,POWELL,1,Mike,Hillyer,6,19.94,3.32,0.1667,4,14.96
132,ESTHER,CRAWFORD,1,Mike,Hillyer,6,19.94,3.32,0.0,4,11.96
129,CARRIE,PORTER,1,Mike,Hillyer,6,19.94,3.32,0.0,3,12.97
129,CARRIE,PORTER,2,Jon,Stephens,6,19.94,3.32,0.0,3,6.97
85,ANNE,POWELL,2,Jon,Stephens,6,19.94,3.32,0.1667,2,4.98
132,ESTHER,CRAWFORD,2,Jon,Stephens,6,19.94,3.32,0.0,2,7.98
498,GENE,SANBORN,1,Mike,Hillyer,6,19.94,3.32,0.1667,5,18.95
498,GENE,SANBORN,2,Jon,Stephens,6,19.94,3.32,0.1667,1,0.99
55,DORIS,REED,1,Mike,Hillyer,5,18.95,3.79,0.0,3,12.97
540,TYRONE,ASHER,2,Jon,Stephens,5,18.95,3.79,0.0,3,10.97
55,DORIS,REED,2,Jon,Stephens,5,18.95,3.79,0.0,2,5.98
540,TYRONE,ASHER,1,Mike,Hillyer,5,18.95,3.79,0.0,2,7.98
427,JESUS,MCCARTNEY,1,Mike,Hillyer,5,18.95,3.79,0.4,3,13.97
427,JESUS,MCCARTNEY,2,Jon,Stephens,5,18.95,3.79,0.4,2,4.98
358,SAMUEL,MARLOW,1,Mike,Hillyer,6,18.94,3.16,0.1667,5,17.95
533,JESSIE,MILAM,1,Mike,Hillyer,6,18.94,3.16,0.3333,5,11.95
358,SAMUEL,MARLOW,2,Jon,Stephens,6,18.94,3.16,0.1667,1,0.99
533,JESSIE,MILAM,2,Jon,Stephens,6,18.94,3.16,0.3333,1,6.99
283,FELICIA,SUTTON,2,Jon,Stephens,5,17.95,3.59,0.2,3,13.97
283,FELICIA,SUTTON,1,Mike,Hillyer,5,17.95,3.59,0.2,2,3.98
365,BRUCE,SCHWARZ,1,Mike,Hillyer,5,17.95,3.59,0.2,4,16.96
568,ALBERTO,HENNING,2,Jon,Stephens,5,17.95,3.59,0.0,4,12.96
45,JANET,PHILLIPS,2,Jon,Stephens,5,17.95,3.59,0.0,3,8.97
45,JANET,PHILLIPS,1,Mike,Hillyer,5,17.95,3.59,0.0,2,8.98
365,BRUCE,SCHWARZ,2,Jon,Stephens,5,17.95,3.59,0.2,1,0.99
568,ALBERTO,HENNING,1,Mike,Hillyer,5,17.95,3.59,0.0,1,4.99
35,VIRGINIA,GREEN,1,Mike,Hillyer,6,17.94,2.99,0.0,5,12.95
191,JEANETTE,GREENE,1,Mike,Hillyer,6,17.94,2.99,0.0,3,8.97
191,JEANETTE,GREENE,2,Jon,Stephens,6,17.94,2.99,0.0,3,8.97
438,BARRY,LOVELACE,1,Mike,Hillyer,6,17.94,2.99,0.0,3,14.97
438,BARRY,LOVELACE,2,Jon,Stephens,6,17.94,2.99,0.0,3,2.97
35,VIRGINIA,GREEN,2,Jon,Stephens,6,17.94,2.99,0.0,1,4.99
23,SARAH,LEWIS,1,Mike,Hillyer,5,16.95,3.39,0.2,5,16.95
279,DIANNE,SHELTON,1,Mike,Hillyer,5,16.95,3.39,0.0,5,16.95
143,LESLIE,GORDON,1,Mike,Hillyer,5,16.95,3.39,0.0,3,10.97
173,AUDREY,RAY,2,Jon,Stephens,5,16.95,3.39,0.0,3,8.97
381,BOBBY,BOUDREAU,1,Mike,Hillyer,5,16.95,3.39,0.0,3,10.97
386,TODD,TAN,1,Mike,Hillyer,5,16.95,3.39,0.2,3,6.97
143,LESLIE,GORDON,2,Jon,Stephens,5,16.95,3.39,0.0,2,5.98
173,AUDREY,RAY,1,Mike,Hillyer,5,16.95,3.39,0.0,2,7.98
381,BOBBY,BOUDREAU,2,Jon,Stephens,5,16.95,3.39,0.0,2,5.98
386,TODD,TAN,2,Jon,Stephens,5,16.95,3.39,0.2,2,9.98
4,BARBARA,JONES,1,Mike,Hillyer,6,16.94,2.82,0.1667,3,11.97
4,BARBARA,JONES,2,Jon,Stephens,6,16.94,2.82,0.1667,3,4.97
10,DOROTHY,TAYLOR,1,Mike,Hillyer,5,15.95,3.19,0.0,4,11.96
38,MARTHA,GONZALEZ,2,Jon,Stephens,5,15.95,3.19,0.0,4,13.96
382,VICTOR,BARKLEY,1,Mike,Hillyer,5,15.95,3.19,0.0,4,10.96
534,CHRISTIAN,JUNG,1,Mike,Hillyer,5,15.95,3.19,0.0,4,13.96
574,JULIAN,VEST,1,Mike,Hillyer,5,15.95,3.19,0.4,4,9.96
216,NATALIE,MEYER,1,Mike,Hillyer,5,15.95,3.19,0.2,3,7.97
216,NATALIE,MEYER,2,Jon,Stephens,5,15.95,3.19,0.2,2,7.98
10,DOROTHY,TAYLOR,2,Jon,Stephens,5,15.95,3.19,0.0,1,3.99
38,MARTHA,GONZALEZ,1,Mike,Hillyer,5,15.95,3.19,0.0,1,1.99
382,VICTOR,BARKLEY,2,Jon,Stephens,5,15.95,3.19,0.0,1,4.99
534,CHRISTIAN,JUNG,2,Jon,Stephens,5,15.95,3.19,0.0,1,1.99
574,JULIAN,VEST,2,Jon,Stephens,5,15.95,3.19,0.4,1,5.99
430,RAY,HOULE,1,Mike,Hillyer,6,15.94,2.66,0.1667,3,12.97
430,RAY,HOULE,2,Jon,Stephens,6,15.94,2.66,0.1667,3,2.97
395,JOHNNY,TURPIN,1,Mike,Hillyer,6,15.94,2.66,0.1667,5,14.95
395,JOHNNY,TURPIN,2,Jon,Stephens,6,15.94,2.66,0.1667,1,0.99
377,HOWARD,FORTNER,2,Jon,Stephens,5,14.95,2.99,0.0,4,12.96
123,SHANNON,FREEMAN,2,Jon,Stephens,5,14.95,2.99,0.0,3,10.97
177,SAMANTHA,DUNCAN,1,Mike,Hillyer,5,14.95,2.99,0.0,3,6.97
362,NICHOLAS,BARFIELD,1,Mike,Hillyer,5,14.95,2.99,0.0,3,8.97
428,HERBERT,KRUGER,1,Mike,Hillyer,5,14.95,2.99,0.0,3,10.97
123,SHANNON,FREEMAN,1,Mike,Hillyer,5,14.95,2.99,0.0,2,3.98
177,SAMANTHA,DUNCAN,2,Jon,Stephens,5,14.95,2.99,0.0,2,7.98
362,NICHOLAS,BARFIELD,2,Jon,Stephens,5,14.95,2.99,0.0,2,5.98
428,HERBERT,KRUGER,2,Jon,Stephens,5,14.95,2.99,0.0,2,3.98
377,HOWARD,FORTNER,1,Mike,Hillyer,5,14.95,2.99,0.0,1,1.99
84,SARA,PERRY,2,Jon,Stephens,6,14.94,2.49,0.1667,5,8.95
514,FRANKLIN,TROUTMAN,1,Mike,Hillyer,6,14.94,2.49,0.0,3,5.97
514,FRANKLIN,TROUTMAN,2,Jon,Stephens,6,14.94,2.49,0.0,3,8.97
84,SARA,PERRY,1,Mike,Hillyer,6,14.94,2.49,0.1667,1,5.99
387,JESSE,SCHILLING,2,Jon,Stephens,6,14.94,2.49,0.1667,4,12.96
387,JESSE,SCHILLING,1,Mike,Hillyer,6,14.94,2.49,0.1667,2,1.98
151,MEGAN,PALMER,2,Jon,Stephens,5,13.95,2.79,0.0,4,9.96
189,LORETTA,CARPENTER,1,Mike,Hillyer,5,13.95,2.79,0.2,4,11.96
28,CYNTHIA,YOUNG,2,Jon,Stephens,5,13.95,2.79,0.0,3,7.97
254,MAXINE,SILVA,1,Mike,Hillyer,5,13.95,2.79,0.0,3,8.97
28,CYNTHIA,YOUNG,1,Mike,Hillyer,5,13.95,2.79,0.0,2,5.98
254,MAXINE,SILVA,2,Jon,Stephens,5,13.95,2.79,0.0,2,4.98
151,MEGAN,PALMER,1,Mike,Hillyer,5,13.95,2.79,0.0,1,3.99
189,LORETTA,CARPENTER,2,Jon,Stephens,5,13.95,2.79,0.2,1,1.99
416,JEFFERY,PINSON,2,Jon,Stephens,5,12.95,2.59,0.0,4,7.96
162,LAUREN,HUDSON,1,Mike,Hillyer,5,12.95,2.59,0.0,3,6.97
237,TANYA,GILBERT,1,Mike,Hillyer,5,12.95,2.59,0.0,3,8.97
246,MARIAN,MENDOZA,1,Mike,Hillyer,5,12.95,2.59,0.0,3,8.97
162,LAUREN,HUDSON,2,Jon,Stephens,5,12.95,2.59,0.0,2,5.98
237,TANYA,GILBERT,2,Jon,Stephens,5,12.95,2.59,0.0,2,3.98
246,MARIAN,MENDOZA,2,Jon,Stephens,5,12.95,2.59,0.0,2,3.98
416,JEFFERY,PINSON,1,Mike,Hillyer,5,12.95,2.59,0.0,1,4.99
76,IRENE,PRICE,2,Jon,Stephens,6,12.94,2.16,0.1667,4,4.96
76,IRENE,PRICE,1,Mike,Hillyer,6,12.94,2.16,0.1667,2,7.98
241,HEIDI,LARSON,2,Jon,Stephens,5,11.95,2.39,0.2,4,10.96
208,LUCY,WHEELER,1,Mike,Hillyer,5,11.95,2.39,0.2,3,9.97
208,LUCY,WHEELER,2,Jon,Stephens,5,11.95,2.39,0.2,2,1.98
241,HEIDI,LARSON,1,Mike,Hillyer,5,11.95,2.39,0.2,1,0.99
7,MARIA,MILLER,1,Mike,Hillyer,5,10.95,2.19,0.0,4,9.96
53,HEATHER,MORRIS,1,Mike,Hillyer,5,10.95,2.19,0.0,3,6.97
391,CLARENCE,GAMEZ,2,Jon,Stephens,5,10.95,2.19,0.0,3,4.97
53,HEATHER,MORRIS,2,Jon,Stephens,5,10.95,2.19,0.0,2,3.98
391,CLARENCE,GAMEZ,1,Mike,Hillyer,5,10.95,2.19,0.0,2,5.98
7,MARIA,MILLER,2,Jon,Stephens,5,10.95,2.19,0.0,1,0.99
