customer_id,customer_first_name,customer_last_name,staff_id,staff_first_name,staff_last_name,payment_count,total_amount,average_payment_amount,payments_over_8
137,RHONDA,KENNEDY,1,Mike,Hillyer,22,112.77999999999997,5.126363636363635,2
176,JUNE,CARROLL,1,Mike,Hillyer,22,111.77999999999997,5.080909090909089,1
187,BRITTANY,RILEY,2,Jon,Stephens,19,110.80999999999997,5.832105263157893,5
148,ELEANOR,HUNT,2,Jon,Stephens,22,110.77999999999996,5.035454545454543,2
459,TOMMY,COLLAZO,1,Mike,Hillyer,22,108.77999999999997,4.9445454545454535,1
526,KARL,SEAL,1,Mike,Hillyer,20,106.79999999999997,5.339999999999998,3
178,MARION,SNYDER,1,Mike,Hillyer,18,103.81999999999998,5.767777777777777,2
211,STACEY,MONTGOMERY,2,Jon,Stephens,22,103.77999999999997,4.717272727272726,3
522,ARNOLD,HAVENS,2,Jon,Stephens,20,102.79999999999997,5.139999999999999,2
26,JESSICA,HALL,1,Mike,Hillyer,21,101.78999999999998,4.847142857142856,1
526,KARL,SEAL,2,Jon,Stephens,22,101.77999999999999,4.626363636363636,1
148,ELEANOR,HUNT,1,Mike,Hillyer,23,100.76999999999997,4.381304347826085,3
144,CLARA,SHAW,2,Jon,Stephens,19,99.80999999999997,5.253157894736841,2
237,TANYA,GILBERT,2,Jon,Stephens,20,99.8,4.99,3
289,VIOLET,RODRIQUEZ,2,Jon,Stephens,20,99.79999999999997,4.989999999999998,2
410,CURTIS,IRBY,1,Mike,Hillyer,23,98.76999999999998,4.294347826086955,1
462,WARREN,SHERROD,1,Mike,Hillyer,21,97.78999999999999,4.656666666666666,2
309,CHRISTOPHER,GRECO,2,Jon,Stephens,17,96.82999999999998,5.695882352941176,2
469,WESLEY,BULL,1,Mike,Hillyer,19,96.80999999999999,5.0952631578947365,3
268,NINA,SOTO,2,Jon,Stephens,20,95.79999999999998,4.789999999999999,0
479,ZACHARY,HITE,2,Jon,Stephens,18,94.81999999999998,5.267777777777777,3
494,RAMON,CHOATE,2,Jon,Stephens,19,94.80999999999999,4.989999999999999,2
236,MARCIA,DEAN,2,Jon,Stephens,20,94.8,4.74,1
35,VIRGINIA,GREEN,1,Mike,Hillyer,22,92.77999999999997,4.217272727272726,0
380,RUSSELL,BRINSON,1,Mike,Hillyer,22,91.77999999999999,4.171818181818181,1
470,GORDON,ALLARD,1,Mike,Hillyer,18,89.82,4.989999999999999,2
454,ALEX,GRESHAM,2,Jon,Stephens,19,89.80999999999999,4.726842105263157,3
144,CLARA,SHAW,1,Mike,Hillyer,21,89.78999999999999,4.275714285714285,0
373,LOUIS,LEONE,1,Mike,Hillyer,18,88.82,4.934444444444444,0
210,ELLA,OLIVER,2,Jon,Stephens,20,87.79999999999998,4.389999999999999,3
259,LENA,JENSEN,2,Jon,Stephens,17,86.82999999999998,5.107647058823528,0
550,GUY,BROWNLEE,1,Mike,Hillyer,18,86.82,4.823333333333333,3
473,JORGE,OLIVARES,2,Jon,Stephens,19,86.80999999999999,4.568947368421052,1
125,ETHEL,WEBB,1,Mike,Hillyer,20,86.79999999999998,4.339999999999999,1
295,DAISY,BATES,1,Mike,Hillyer,20,86.79999999999998,4.339999999999999,2
372,STEVE,MACKENZIE,2,Jon,Stephens,13,85.86999999999999,6.605384615384614,4
103,GLADYS,HAMILTON,2,Jon,Stephens,15,85.85,5.723333333333333,2
292,MISTY,LAMBERT,1,Mike,Hillyer,17,85.83,5.048823529411765,3
468,TIM,CARY,2,Jon,Stephens,17,85.82999999999998,5.048823529411764,1
50,DIANE,COLLINS,2,Jon,Stephens,18,85.82,4.767777777777777,2
482,MAURICE,CRAWLEY,2,Jon,Stephens,18,85.82,4.767777777777777,1
78,LORI,WOOD,2,Jon,Stephens,18,85.81999999999998,4.767777777777777,1
279,DIANNE,SHELTON,1,Mike,Hillyer,19,85.80999999999999,4.516315789473683,1
178,MARION,SNYDER,2,Jon,Stephens,20,85.8,4.29,0
293,MAE,FLETCHER,1,Mike,Hillyer,15,84.85,5.656666666666666,3
181,ANA,BRADLEY,1,Mike,Hillyer,15,84.84999999999998,5.656666666666665,3
45,JANET,PHILLIPS,1,Mike,Hillyer,16,84.84,5.3025,3
207,GERTRUDE,CASTILLO,2,Jon,Stephens,18,84.82000000000001,4.7122222222222225,3
257,MARSHA,DOUGLAS,2,Jon,Stephens,19,84.80999999999999,4.463684210526315,0
574,JULIAN,VEST,1,Mike,Hillyer,21,84.79,4.037619047619048,0
558,JIMMIE,EGGLESTON,2,Jon,Stephens,13,83.87,6.451538461538462,2
221,BESSIE,MORRISON,1,Mike,Hillyer,16,83.84,5.24,2
46,CATHERINE,CAMPBELL,2,Jon,Stephens,17,83.83,4.931176470588235,2
273,PRISCILLA,LOWE,1,Mike,Hillyer,17,83.82999999999998,4.931176470588234,2
347,RYAN,SALISBURY,2,Jon,Stephens,18,83.82,4.656666666666666,3
533,JESSIE,MILAM,1,Mike,Hillyer,18,82.82000000000001,4.601111111111112,3
86,JACQUELINE,LONG,2,Jon,Stephens,18,82.82,4.601111111111111,1
66,JANICE,WARD,1,Mike,Hillyer,19,82.81000000000002,4.35842105263158,2
297,SHERRI,RHODES,1,Mike,Hillyer,19,82.80999999999999,4.358421052631578,3
366,BRANDON,HUEY,1,Mike,Hillyer,19,82.80999999999999,4.358421052631578,0
307,JOSEPH,JOY,1,Mike,Hillyer,20,82.8,4.14,1
75,TAMMY,SANDERS,1,Mike,Hillyer,20,82.79999999999997,4.139999999999999,1
403,MIKE,WAY,2,Jon,Stephens,17,81.82999999999998,4.813529411764705,1
348,ROGER,QUINTANILLA,2,Jon,Stephens,21,81.78999999999999,3.8947619047619044,1
209,TONYA,CHAPMAN,2,Jon,Stephens,14,80.86000000000001,5.775714285714287,2
285,MIRIAM,MCKINNEY,1,Mike,Hillyer,14,80.85999999999999,5.775714285714285,4
300,JOHN,FARNSWORTH,1,Mike,Hillyer,16,80.84000000000002,5.052500000000001,2
39,DEBRA,NELSON,2,Jon,Stephens,16,80.84,5.0525,1
403,MIKE,WAY,1,Mike,Hillyer,16,80.83999999999999,5.052499999999999,1
329,FRANK,WAGGONER,1,Mike,Hillyer,17,80.83,4.754705882352941,1
532,NEIL,RENNER,2,Jon,Stephens,17,80.83,4.754705882352941,1
198,ELSIE,KELLEY,1,Mike,Hillyer,18,80.82000000000001,4.49,0
362,NICHOLAS,BARFIELD,1,Mike,Hillyer,18,80.82000000000001,4.49,1
131,MONICA,HICKS,1,Mike,Hillyer,18,80.82,4.489999999999999,3
84,SARA,PERRY,2,Jon,Stephens,20,80.8,4.04,1
434,EDDIE,TOMLIN,2,Jon,Stephens,15,79.85,5.323333333333333,2
591,KENT,ARSENAULT,1,Mike,Hillyer,16,79.84000000000002,4.990000000000001,2
439,ALEXANDER,FENNELL,2,Jon,Stephens,16,79.84,4.99,1
181,ANA,BRADLEY,2,Jon,Stephens,17,79.83,4.695882352941176,0
264,GWENDOLYN,MAY,1,Mike,Hillyer,17,79.83,4.695882352941176,2
342,HAROLD,MARTINO,2,Jon,Stephens,17,79.83,4.695882352941176,2
346,ARTHUR,SIMPKINS,2,Jon,Stephens,17,79.83,4.695882352941176,2
360,RALPH,MADRIGAL,2,Jon,Stephens,17,79.83,4.695882352941176,1
314,GEORGE,LINTON,2,Jon,Stephens,18,79.82,4.434444444444444,0
51,ALICE,STEWART,1,Mike,Hillyer,20,79.8,3.9899999999999998,1
376,RANDY,GAITHER,1,Mike,Hillyer,20,79.8,3.9899999999999998,1
265,JENNIE,TERRY,2,Jon,Stephens,15,78.85000000000001,5.256666666666667,1
137,RHONDA,KENNEDY,2,Jon,Stephens,16,78.84,4.9275,0
172,BERNICE,WILLIS,2,Jon,Stephens,16,78.84,4.9275,1
416,JEFFERY,PINSON,1,Mike,Hillyer,17,78.83,4.6370588235294115,1
404,STANLEY,SCROGGINS,1,Mike,Hillyer,18,78.82000000000001,4.3788888888888895,1
396,EARL,SHANKS,2,Jon,Stephens,19,78.81000000000002,4.147894736842106,0
520,MITCHELL,WESTMORELAND,1,Mike,Hillyer,20,78.80000000000001,3.9400000000000004,1
147,JOANNE,ROBERTSON,2,Jon,Stephens,20,78.8,3.94,1
21,MICHELLE,CLARK,1,Mike,Hillyer,15,77.85,5.1899999999999995,3
584,SALVADOR,TEEL,2,Jon,Stephens,16,77.84,4.865,1
179,DANA,HART,1,Mike,Hillyer,17,77.83,4.578235294117647,1
587,SERGIO,STANFIELD,2,Jon,Stephens,17,77.83,4.578235294117647,0
80,MARILYN,ROSS,1,Mike,Hillyer,15,76.85000000000001,5.123333333333334,2
13,KAREN,JACKSON,1,Mike,Hillyer,17,76.83000000000001,4.519411764705883,3
206,TERRI,VASQUEZ,2,Jon,Stephens,17,76.83,4.5194117647058825,2
119,SHERRY,MARSHALL,2,Jon,Stephens,18,76.82000000000001,4.267777777777778,1
277,OLGA,JIMENEZ,2,Jon,Stephens,18,76.82000000000001,4.267777777777778,0
388,CRAIG,MORRELL,2,Jon,Stephens,19,76.81000000000002,4.042631578947369,0
508,MILTON,HOWLAND,2,Jon,Stephens,14,75.86,5.418571428571428,2
506,LESLIE,SEWARD,2,Jon,Stephens,17,75.83000000000001,4.460588235294118,2
331,ERIC,ROBERT,1,Mike,Hillyer,18,75.82000000000001,4.2122222222222225,1
371,BILLY,POULIN,1,Mike,Hillyer,19,75.81,3.99,2
29,ANGELA,HERNANDEZ,1,Mike,Hillyer,20,75.80000000000001,3.7900000000000005,0
336,JOSHUA,MARK,2,Jon,Stephens,20,75.8,3.79,1
22,LAURA,RODRIGUEZ,1,Mike,Hillyer,14,74.86,5.347142857142857,0
459,TOMMY,COLLAZO,2,Jon,Stephens,15,74.85000000000001,4.99,3
536,FERNANDO,CHURCHILL,1,Mike,Hillyer,15,74.85000000000001,4.99,2
146,JAMIE,RICE,1,Mike,Hillyer,16,74.84000000000002,4.677500000000001,0
436,TROY,QUIGLEY,2,Jon,Stephens,16,74.83999999999999,4.677499999999999,2
368,HARRY,ARCE,1,Mike,Hillyer,17,74.83,4.401764705882353,1
108,TRACY,COLE,2,Jon,Stephens,14,73.86000000000001,5.275714285714287,1
513,DUANE,TUBBS,2,Jon,Stephens,15,73.85000000000001,4.923333333333334,1
274,NAOMI,JENNINGS,2,Jon,Stephens,15,73.85,4.923333333333333,2
122,THELMA,MURRAY,2,Jon,Stephens,16,73.84,4.615,0
540,TYRONE,ASHER,2,Jon,Stephens,16,73.84,4.615,1
354,JUSTIN,NGO,1,Mike,Hillyer,17,73.83000000000001,4.342941176470589,0
200,JEANNE,LAWSON,1,Mike,Hillyer,14,72.86,5.204285714285715,2
116,VICTORIA,GIBSON,2,Jon,Stephens,15,72.85000000000002,4.856666666666668,1
448,MIGUEL,BETANCOURT,2,Jon,Stephens,15,72.85000000000002,4.856666666666668,2
112,ROSA,REYNOLDS,2,Jon,Stephens,15,72.85000000000001,4.856666666666667,1
263,HILDA,HOPKINS,2,Jon,Stephens,15,72.85000000000001,4.856666666666667,2
31,BRENDA,WRIGHT,2,Jon,Stephens,16,72.84,4.5525,1
71,KATHY,JAMES,1,Mike,Hillyer,16,72.84,4.5525,1
163,CATHY,SPENCER,2,Jon,Stephens,16,72.84,4.5525,0
390,SHAWN,HEATON,1,Mike,Hillyer,16,72.84,4.5525,0
499,MARC,OUTLAW,1,Mike,Hillyer,16,72.84,4.5525,1
253,TERRY,CARLSON,2,Jon,Stephens,17,72.83,4.284117647058824,0
267,MARGIE,WADE,1,Mike,Hillyer,17,72.83,4.284117647058824,0
145,LUCILLE,HOLMES,2,Jon,Stephens,18,72.82000000000001,4.045555555555556,1
287,BECKY,MILES,2,Jon,Stephens,18,72.82000000000001,4.045555555555556,1
515,ANDRE,RAPP,2,Jon,Stephens,19,72.81,3.832105263157895,0
389,ALAN,KAHN,1,Mike,Hillyer,15,71.85000000000001,4.790000000000001,1
168,REGINA,BERRY,1,Mike,Hillyer,16,71.83999999999999,4.489999999999999,2
563,KEN,PREWITT,2,Jon,Stephens,17,71.83000000000001,4.22529411764706,1
12,NANCY,THOMAS,2,Jon,Stephens,18,71.82000000000001,3.99,1
438,BARRY,LOVELACE,2,Jon,Stephens,18,71.82000000000001,3.99,1
3,LINDA,WILLIAMS,2,Jon,Stephens,12,70.88000000000001,5.906666666666667,2
491,RICK,MATTOX,2,Jon,Stephens,14,70.86000000000001,5.061428571428572,0
421,LEE,HAWKS,1,Mike,Hillyer,14,70.86,5.061428571428571,1
484,ROBERTO,VU,2,Jon,Stephens,14,70.86,5.061428571428571,2
579,DARYL,LARUE,2,Jon,Stephens,14,70.86,5.061428571428571,2
363,ROY,WHITING,2,Jon,Stephens,16,70.84000000000002,4.427500000000001,0
295,DAISY,BATES,2,Jon,Stephens,16,70.84,4.4275,2
566,CASEY,MENA,2,Jon,Stephens,16,70.84,4.4275,1
592,TERRANCE,ROUSH,1,Mike,Hillyer,16,70.84,4.4275,3
197,SUE,PETERS,1,Mike,Hillyer,17,70.83000000000001,4.166470588235295,3
236,MARCIA,DEAN,1,Mike,Hillyer,18,70.82000000000002,3.9344444444444457,0
535,JAVIER,ELROD,1,Mike,Hillyer,18,70.82000000000001,3.934444444444445,0
87,WANDA,PATTERSON,2,Jon,Stephens,12,69.88000000000001,5.823333333333334,3
92,TINA,SIMMONS,2,Jon,Stephens,12,69.88000000000001,5.823333333333334,1
220,CHARLENE,ALVAREZ,2,Jon,Stephens,14,69.86,4.99,3
57,EVELYN,MORGAN,2,Jon,Stephens,15,69.85000000000002,4.656666666666668,2
204,ROSEMARY,SCHMIDT,1,Mike,Hillyer,15,69.85000000000001,4.656666666666667,0
390,SHAWN,HEATON,2,Jon,Stephens,15,69.85000000000001,4.656666666666667,1
400,BRYAN,HARDISON,2,Jon,Stephens,15,69.85000000000001,4.656666666666667,0
513,DUANE,TUBBS,1,Mike,Hillyer,15,69.85000000000001,4.656666666666667,0
7,MARIA,MILLER,1,Mike,Hillyer,16,69.84000000000002,4.365000000000001,2
105,DAWN,SULLIVAN,2,Jon,Stephens,16,69.84000000000002,4.365000000000001,1
502,BRETT,CORNWELL,1,Mike,Hillyer,17,69.83000000000001,4.10764705882353,2
559,EVERETT,BANDA,1,Mike,Hillyer,17,69.83000000000001,4.10764705882353,1
102,CRYSTAL,FORD,2,Jon,Stephens,18,69.82000000000002,3.87888888888889,1
128,MARJORIE,TUCKER,2,Jon,Stephens,18,69.82000000000001,3.8788888888888895,0
196,ALMA,AUSTIN,2,Jon,Stephens,19,69.81000000000002,3.6742105263157905,1
5,ELIZABETH,BROWN,2,Jon,Stephens,20,69.80000000000001,3.4900000000000007,0
138,HAZEL,WARREN,1,Mike,Hillyer,21,69.79,3.3233333333333337,1
363,ROY,WHITING,1,Mike,Hillyer,12,68.88000000000001,5.740000000000001,2
59,CHERYL,MURPHY,1,Mike,Hillyer,14,68.86000000000001,4.91857142857143,1
426,BRADLEY,MOTLEY,1,Mike,Hillyer,14,68.86000000000001,4.91857142857143,1
575,ISAAC,OGLESBY,2,Jon,Stephens,15,68.85000000000001,4.590000000000001,2
15,HELEN,HARRIS,1,Mike,Hillyer,16,68.84000000000002,4.302500000000001,0
245,COURTNEY,DAY,1,Mike,Hillyer,16,68.84000000000002,4.302500000000001,1
273,PRISCILLA,LOWE,2,Jon,Stephens,16,68.84000000000002,4.302500000000001,0
306,CHARLES,KOWALSKI,2,Jon,Stephens,16,68.84000000000002,4.302500000000001,0
214,KRISTIN,JOHNSTON,2,Jon,Stephens,16,68.84,4.3025,1
468,TIM,CARY,1,Mike,Hillyer,17,68.83,4.048823529411765,3
529,ERIK,GUILLEN,2,Jon,Stephens,17,68.83,4.048823529411765,2
393,PHILIP,CAUSEY,2,Jon,Stephens,18,68.82000000000002,3.8233333333333346,1
230,JOY,GEORGE,2,Jon,Stephens,18,68.82000000000001,3.8233333333333337,1
2,PATRICIA,JOHNSON,2,Jon,Stephens,12,67.88000000000001,5.656666666666667,1
583,MARSHALL,THORN,2,Jon,Stephens,12,67.88000000000001,5.656666666666667,1
41,STEPHANIE,MITCHELL,2,Jon,Stephens,13,67.87000000000002,5.220769230769232,1
470,GORDON,ALLARD,2,Jon,Stephens,13,67.87000000000002,5.220769230769232,2
532,NEIL,RENNER,1,Mike,Hillyer,13,67.87000000000002,5.220769230769232,1
594,EDUARDO,HIATT,1,Mike,Hillyer,13,67.87000000000002,5.220769230769232,1
259,LENA,JENSEN,1,Mike,Hillyer,13,67.87,5.220769230769231,1
280,TRACEY,BARRETT,1,Mike,Hillyer,14,67.86000000000001,4.847142857142858,1
284,SONIA,GREGORY,1,Mike,Hillyer,14,67.86000000000001,4.847142857142858,0
242,GLENDA,FRAZIER,1,Mike,Hillyer,14,67.86,4.847142857142857,1
251,VICKIE,BREWER,2,Jon,Stephens,15,67.85000000000002,4.523333333333335,1
308,THOMAS,GRIGSBY,1,Mike,Hillyer,15,67.85000000000002,4.523333333333335,1
54,TERESA,ROGERS,1,Mike,Hillyer,15,67.85000000000001,4.523333333333334,1
467,ALVIN,DELOACH,1,Mike,Hillyer,15,67.85000000000001,4.523333333333334,2
519,RON,DELUCA,2,Jon,Stephens,15,67.85,4.5233333333333325,1
20,SHARON,ROBINSON,2,Jon,Stephens,16,67.84000000000002,4.240000000000001,0
299,JAMES,GANNON,1,Mike,Hillyer,16,67.84000000000002,4.240000000000001,1
349,JOE,GILLILAND,1,Mike,Hillyer,16,67.84000000000002,4.240000000000001,1
560,JORDAN,ARCHULETA,1,Mike,Hillyer,16,67.84000000000002,4.240000000000001,0
171,DOLORES,WAGNER,2,Jon,Stephens,16,67.84,4.24,1
260,CHRISTY,VARGAS,1,Mike,Hillyer,17,67.83000000000001,3.9900000000000007,1
576,MORRIS,MCCARTER,1,Mike,Hillyer,17,67.83000000000001,3.9900000000000007,0
406,NATHAN,RUNYON,2,Jon,Stephens,19,67.81000000000002,3.5689473684210533,0
487,HECTOR,POINDEXTER,1,Mike,Hillyer,12,66.88000000000001,5.573333333333334,1
467,ALVIN,DELOACH,2,Jon,Stephens,13,66.87000000000002,5.143846153846155,2
33,ANNA,HILL,1,Mike,Hillyer,14,66.86000000000001,4.775714285714287,1
226,MAUREEN,LITTLE,1,Mike,Hillyer,15,66.85000000000002,4.456666666666668,1
276,BRANDY,GRAVES,2,Jon,Stephens,15,66.85000000000002,4.456666666666668,0
209,TONYA,CHAPMAN,1,Mike,Hillyer,15,66.85000000000001,4.456666666666667,1
373,LOUIS,LEONE,2,Jon,Stephens,15,66.85000000000001,4.456666666666667,1
595,TERRENCE,GUNDERSON,1,Mike,Hillyer,16,66.84,4.1775,1
25,DEBORAH,WALKER,1,Mike,Hillyer,17,66.83000000000001,3.931176470588236,1
30,MELISSA,KING,1,Mike,Hillyer,18,66.82000000000002,3.7122222222222234,1
111,CARMEN,OWENS,2,Jon,Stephens,18,66.82000000000001,3.7122222222222225,1
188,MELANIE,ARMSTRONG,2,Jon,Stephens,18,66.82000000000001,3.7122222222222225,0
372,STEVE,MACKENZIE,1,Mike,Hillyer,19,66.81000000000003,3.5163157894736856,0
49,JOYCE,EDWARDS,2,Jon,Stephens,12,65.88000000000001,5.490000000000001,3
571,JOHNNIE,CHISHOLM,1,Mike,Hillyer,13,65.87000000000002,5.066923076923079,2
346,ARTHUR,SIMPKINS,1,Mike,Hillyer,13,65.87,5.066923076923077,2
234,CLAUDIA,FULLER,2,Jon,Stephens,14,65.86000000000001,4.7042857142857155,0
410,CURTIS,IRBY,2,Jon,Stephens,14,65.86000000000001,4.7042857142857155,1
488,SHANE,MILLARD,2,Jon,Stephens,14,65.86000000000001,4.7042857142857155,0
312,MARK,RINEHART,1,Mike,Hillyer,15,65.85000000000002,4.3900000000000015,0
334,RAYMOND,MCWHORTER,1,Mike,Hillyer,15,65.85000000000002,4.3900000000000015,0
121,JOSEPHINE,GOMEZ,2,Jon,Stephens,15,65.85000000000001,4.390000000000001,3
266,NORA,HERRERA,1,Mike,Hillyer,15,65.85000000000001,4.390000000000001,1
332,STEPHEN,QUALLS,2,Jon,Stephens,15,65.85000000000001,4.390000000000001,2
27,SHIRLEY,ALLEN,1,Mike,Hillyer,15,65.85,4.39,1
444,MARCUS,HIDALGO,2,Jon,Stephens,16,65.84000000000002,4.115000000000001,0
21,MICHELLE,CLARK,2,Jon,Stephens,16,65.84,4.115,1
120,SYLVIA,ORTIZ,2,Jon,Stephens,16,65.84,4.115,2
107,FLORENCE,WOODS,2,Jon,Stephens,17,65.83000000000001,3.872352941176471,0
38,MARTHA,GONZALEZ,2,Jon,Stephens,18,65.82000000000002,3.656666666666668,0
141,DEBBIE,REYES,1,Mike,Hillyer,18,65.82000000000002,3.656666666666668,0
433,DON,BONE,1,Mike,Hillyer,13,64.87000000000002,4.990000000000001,1
247,STELLA,MORENO,1,Mike,Hillyer,13,64.87,4.99,0
170,BEATRICE,ARNOLD,2,Jon,Stephens,14,64.86000000000001,4.6328571428571435,2
201,VICKI,FIELDS,2,Jon,Stephens,14,64.86000000000001,4.6328571428571435,1
368,HARRY,ARCE,2,Jon,Stephens,14,64.86000000000001,4.6328571428571435,3
379,CARLOS,COUGHLIN,1,Mike,Hillyer,14,64.86000000000001,4.6328571428571435,1
531,JAMIE,WAUGH,2,Jon,Stephens,15,64.85000000000002,4.323333333333335,1
360,RALPH,MADRIGAL,1,Mike,Hillyer,15,64.85000000000001,4.323333333333334,0
475,PEDRO,CHESTNUT,1,Mike,Hillyer,15,64.85000000000001,4.323333333333334,0
129,CARRIE,PORTER,2,Jon,Stephens,16,64.84000000000002,4.052500000000001,1
204,ROSEMARY,SCHMIDT,2,Jon,Stephens,16,64.84,4.0525,1
114,GRACE,ELLIS,1,Mike,Hillyer,17,64.83000000000001,3.8135294117647067,1
340,PATRICK,NEWSOM,1,Mike,Hillyer,17,64.83000000000001,3.8135294117647067,2
472,GREG,ROBINS,2,Jon,Stephens,11,63.890000000000015,5.8081818181818194,1
337,JERRY,JORDON,2,Jon,Stephens,12,63.88000000000002,5.323333333333335,1
106,CONNIE,WALLACE,1,Mike,Hillyer,13,63.87000000000002,4.9130769230769245,1
120,SYLVIA,ORTIZ,1,Mike,Hillyer,13,63.87000000000002,4.9130769230769245,1
244,VIOLA,HANSON,1,Mike,Hillyer,13,63.87000000000002,4.9130769230769245,2
238,NELLIE,GARRETT,1,Mike,Hillyer,14,63.86000000000002,4.561428571428573,2
316,STEVEN,CURLEY,2,Jon,Stephens,14,63.86000000000002,4.561428571428573,1
414,VINCENT,RALSTON,1,Mike,Hillyer,14,63.86000000000002,4.561428571428573,2
5,ELIZABETH,BROWN,1,Mike,Hillyer,14,63.860000000000014,4.561428571428572,2
86,JACQUELINE,LONG,1,Mike,Hillyer,14,63.860000000000014,4.561428571428572,3
417,TRAVIS,ESTEP,1,Mike,Hillyer,14,63.860000000000014,4.561428571428572,1
589,TRACY,HERRMANN,2,Jon,Stephens,14,63.860000000000014,4.561428571428572,3
456,RONNIE,RICKETTS,1,Mike,Hillyer,15,63.850000000000016,4.256666666666668,1
564,BOB,PFEIFFER,2,Jon,Stephens,15,63.850000000000016,4.256666666666668,2
471,DEAN,SAUER,1,Mike,Hillyer,15,63.85000000000001,4.256666666666667,1
157,DARLENE,ROSE,1,Mike,Hillyer,16,63.84000000000002,3.990000000000001,0
262,PATSY,DAVIDSON,1,Mike,Hillyer,16,63.84000000000002,3.990000000000001,0
275,CAROLE,BARNETT,2,Jon,Stephens,18,63.82000000000002,3.545555555555557,1
158,VERONICA,STONE,1,Mike,Hillyer,18,63.82000000000001,3.545555555555556,1
381,BOBBY,BOUDREAU,2,Jon,Stephens,20,63.80000000000002,3.190000000000001,1
65,ROSE,HOWARD,1,Mike,Hillyer,11,62.890000000000015,5.717272727272729,1
349,JOE,GILLILAND,2,Jon,Stephens,11,62.890000000000015,5.717272727272729,1
302,MICHAEL,SILVERMAN,1,Mike,Hillyer,12,62.88000000000002,5.240000000000001,1
356,GERALD,FULTZ,2,Jon,Stephens,12,62.88000000000002,5.240000000000001,0
453,CALVIN,MARTEL,2,Jon,Stephens,12,62.88000000000002,5.240000000000001,1
466,LEO,EBERT,1,Mike,Hillyer,12,62.88000000000002,5.240000000000001,0
99,EMILY,DIAZ,2,Jon,Stephens,13,62.87000000000002,4.836153846153848,1
119,SHERRY,MARSHALL,1,Mike,Hillyer,13,62.87000000000002,4.836153846153848,0
348,ROGER,QUINTANILLA,1,Mike,Hillyer,13,62.87000000000002,4.836153846153848,2
89,JULIA,FLORES,2,Jon,Stephens,14,62.86000000000002,4.490000000000001,0
343,DOUGLAS,GRAF,2,Jon,Stephens,14,62.86000000000002,4.490000000000001,1
352,ALBERT,CROUSE,1,Mike,Hillyer,14,62.86000000000002,4.490000000000001,0
149,VALERIE,BLACK,1,Mike,Hillyer,14,62.860000000000014,4.490000000000001,1
155,GAIL,KNIGHT,1,Mike,Hillyer,14,62.860000000000014,4.490000000000001,1
472,GREG,ROBINS,1,Mike,Hillyer,14,62.860000000000014,4.490000000000001,0
510,BEN,EASTER,2,Jon,Stephens,14,62.860000000000014,4.490000000000001,2
87,WANDA,PATTERSON,1,Mike,Hillyer,15,62.85000000000002,4.190000000000001,1
197,SUE,PETERS,2,Jon,Stephens,15,62.85000000000002,4.190000000000001,1
215,JESSIE,BANKS,2,Jon,Stephens,15,62.85000000000002,4.190000000000001,2
294,SHELLY,WATTS,2,Jon,Stephens,15,62.850000000000016,4.190000000000001,0
374,JEREMY,HURTADO,2,Jon,Stephens,15,62.85000000000001,4.19,1
74,DENISE,KELLY,2,Jon,Stephens,16,62.840000000000025,3.9275000000000015,0
132,ESTHER,CRAWFORD,1,Mike,Hillyer,16,62.84000000000002,3.927500000000001,0
451,JIM,REA,1,Mike,Hillyer,16,62.84000000000002,3.927500000000001,1
565,JAIME,NETTLES,1,Mike,Hillyer,16,62.84000000000002,3.927500000000001,1
498,GENE,SANBORN,1,Mike,Hillyer,16,62.84000000000001,3.9275000000000007,0
272,KAY,CALDWELL,2,Jon,Stephens,11,61.890000000000015,5.626363636363638,2
203,TARA,RYAN,2,Jon,Stephens,12,61.88000000000002,5.156666666666668,1
269,CASSANDRA,WALTERS,1,Mike,Hillyer,12,61.88000000000002,5.156666666666668,1
311,PAUL,TROUT,2,Jon,Stephens,12,61.88000000000002,5.156666666666668,2
512,CECIL,VINES,2,Jon,Stephens,12,61.88000000000002,5.156666666666668,2
550,GUY,BROWNLEE,2,Jon,Stephens,12,61.88000000000001,5.156666666666667,2
569,DAVE,GARDINER,1,Mike,Hillyer,12,61.88000000000001,5.156666666666667,1
141,DEBBIE,REYES,2,Jon,Stephens,13,61.87000000000002,4.75923076923077,0
322,JASON,MORRISSEY,1,Mike,Hillyer,13,61.87000000000001,4.75923076923077,2
576,MORRIS,MCCARTER,2,Jon,Stephens,13,61.87000000000001,4.75923076923077,2
15,HELEN,HARRIS,2,Jon,Stephens,14,61.86000000000002,4.41857142857143,2
29,ANGELA,HERNANDEZ,2,Jon,Stephens,14,61.86000000000002,4.41857142857143,1
493,BRENT,HARKINS,1,Mike,Hillyer,14,61.86000000000002,4.41857142857143,0
518,GABRIEL,HARDER,2,Jon,Stephens,14,61.86000000000002,4.41857142857143,0
166,LYNN,PAYNE,2,Jon,Stephens,14,61.860000000000014,4.41857142857143,0
267,MARGIE,WADE,2,Jon,Stephens,14,61.860000000000014,4.41857142857143,1
296,RAMONA,HALE,2,Jon,Stephens,14,61.860000000000014,4.41857142857143,0
341,PETER,MENARD,2,Jon,Stephens,14,61.860000000000014,4.41857142857143,1
447,CLIFFORD,BOWENS,1,Mike,Hillyer,14,61.86000000000001,4.418571428571429,1
89,JULIA,FLORES,1,Mike,Hillyer,15,61.850000000000016,4.123333333333334,2
317,EDWARD,BAUGH,1,Mike,Hillyer,15,61.850000000000016,4.123333333333334,2
408,MANUEL,MURRELL,2,Jon,Stephens,16,61.840000000000025,3.8650000000000015,0
446,THEODORE,CULP,2,Jon,Stephens,16,61.84000000000002,3.865000000000001,2
469,WESLEY,BULL,2,Jon,Stephens,16,61.84000000000002,3.865000000000001,0
38,MARTHA,GONZALEZ,1,Mike,Hillyer,16,61.84000000000001,3.8650000000000007,0
254,MAXINE,SILVA,1,Mike,Hillyer,17,61.83000000000002,3.637058823529413,0
424,KYLE,SPURLOCK,2,Jon,Stephens,18,61.820000000000014,3.4344444444444453,1
7,MARIA,MILLER,2,Jon,Stephens,12,60.88000000000002,5.073333333333335,0
423,ALFRED,CASILLAS,2,Jon,Stephens,12,60.88000000000002,5.073333333333335,2
477,DAN,PAINE,2,Jon,Stephens,12,60.88000000000002,5.073333333333335,2
63,ASHLEY,RICHARDSON,1,Mike,Hillyer,12,60.88000000000001,5.073333333333334,1
495,CHARLIE,BESS,1,Mike,Hillyer,12,60.88000000000001,5.073333333333334,1
39,DEBRA,NELSON,1,Mike,Hillyer,13,60.87000000000002,4.682307692307694,1
212,WILMA,RICHARDS,2,Jon,Stephens,13,60.87000000000002,4.682307692307694,2
339,WALTER,PERRYMAN,2,Jon,Stephens,13,60.87000000000002,4.682307692307694,0
427,JESUS,MCCARTNEY,1,Mike,Hillyer,13,60.87000000000002,4.682307692307694,0
502,BRETT,CORNWELL,2,Jon,Stephens,13,60.87000000000002,4.682307692307694,1
88,BONNIE,HUGHES,1,Mike,Hillyer,13,60.87000000000001,4.682307692307694,1
58,JEAN,BELL,1,Mike,Hillyer,13,60.870000000000005,4.682307692307693,1
277,OLGA,JIMENEZ,1,Mike,Hillyer,13,60.870000000000005,4.682307692307693,1
322,JASON,MORRISSEY,2,Jon,Stephens,13,60.870000000000005,4.682307692307693,2
113,CINDY,FISHER,2,Jon,Stephens,14,60.86000000000002,4.347142857142859,0
497,GILBERT,SLEDGE,1,Mike,Hillyer,14,60.860000000000014,4.347142857142858,1
504,NATHANIEL,ADAM,2,Jon,Stephens,14,60.86000000000001,4.347142857142858,1
1,MARY,SMITH,1,Mike,Hillyer,15,60.85000000000002,4.056666666666668,0
320,ANTHONY,SCHWAB,2,Jon,Stephens,15,60.850000000000016,4.0566666666666675,0
242,GLENDA,FRAZIER,2,Jon,Stephens,15,60.85000000000001,4.0566666666666675,1
339,WALTER,PERRYMAN,1,Mike,Hillyer,16,60.84000000000002,3.802500000000001,0
577,CLIFTON,MALCOLM,2,Jon,Stephens,16,60.84000000000002,3.802500000000001,1
457,BILL,GAVIN,1,Mike,Hillyer,16,60.84000000000001,3.8025000000000007,0
527,CORY,MEEHAN,1,Mike,Hillyer,16,60.84,3.8025,1
321,KEVIN,SCHULER,2,Jon,Stephens,10,59.90000000000001,5.990000000000001,1
82,KATHRYN,COLEMAN,1,Mike,Hillyer,11,59.890000000000015,5.444545454545456,3
175,ANNETTE,OLSON,2,Jon,Stephens,11,59.890000000000015,5.444545454545456,0
429,FREDERICK,ISBELL,2,Jon,Stephens,11,59.890000000000015,5.444545454545456,0
3,LINDA,WILLIAMS,1,Mike,Hillyer,12,59.88000000000002,4.990000000000001,2
102,CRYSTAL,FORD,1,Mike,Hillyer,12,59.88000000000001,4.990000000000001,1
109,EDNA,WEST,2,Jon,Stephens,13,59.87000000000002,4.605384615384617,0
140,EVA,RAMOS,1,Mike,Hillyer,13,59.87000000000002,4.605384615384617,1
362,NICHOLAS,BARFIELD,2,Jon,Stephens,13,59.87000000000002,4.605384615384617,1
437,RANDALL,NEUMANN,2,Jon,Stephens,13,59.87000000000002,4.605384615384617,1
150,DANIELLE,DANIELS,2,Jon,Stephens,13,59.87000000000001,4.605384615384616,2
166,LYNN,PAYNE,1,Mike,Hillyer,13,59.87000000000001,4.605384615384616,1
180,STACY,CUNNINGHAM,1,Mike,Hillyer,13,59.87000000000001,4.605384615384616,3
185,ROBERTA,HARPER,1,Mike,Hillyer,13,59.87000000000001,4.605384615384616,2
445,MICHEAL,FORMAN,1,Mike,Hillyer,13,59.87000000000001,4.605384615384616,1
282,JENNY,CASTRO,2,Jon,Stephens,14,59.86000000000002,4.275714285714288,2
486,GLEN,TALBERT,2,Jon,Stephens,14,59.86000000000002,4.275714285714288,1
582,ANDY,VANHORN,1,Mike,Hillyer,14,59.86000000000002,4.275714285714288,1
139,AMBER,DIXON,1,Mike,Hillyer,14,59.860000000000014,4.275714285714287,1
423,ALFRED,CASILLAS,1,Mike,Hillyer,14,59.86000000000001,4.275714285714286,2
23,SARAH,LEWIS,2,Jon,Stephens,15,59.850000000000016,3.990000000000001,1
167,SALLY,PIERCE,1,Mike,Hillyer,16,59.840000000000025,3.7400000000000015,0
566,CASEY,MENA,1,Mike,Hillyer,16,59.840000000000025,3.7400000000000015,1
72,THERESA,WATSON,2,Jon,Stephens,16,59.84000000000002,3.740000000000001,0
154,MICHELE,GRANT,1,Mike,Hillyer,16,59.84000000000002,3.740000000000001,0
90,RUBY,WASHINGTON,2,Jon,Stephens,16,59.84000000000001,3.7400000000000007,1
129,CARRIE,PORTER,1,Mike,Hillyer,18,59.820000000000014,3.323333333333334,0
573,BYRON,BOX,2,Jon,Stephens,11,58.890000000000015,5.353636363636365,2
68,NICOLE,PETERSON,2,Jon,Stephens,12,58.88000000000002,4.906666666666668,1
196,ALMA,AUSTIN,1,Mike,Hillyer,12,58.88000000000002,4.906666666666668,1
319,RONALD,WEINER,1,Mike,Hillyer,12,58.88000000000002,4.906666666666668,1
347,RYAN,SALISBURY,1,Mike,Hillyer,12,58.88000000000002,4.906666666666668,1
522,ARNOLD,HAVENS,1,Mike,Hillyer,12,58.88000000000002,4.906666666666668,0
50,DIANE,COLLINS,1,Mike,Hillyer,12,58.88000000000001,4.906666666666667,1
293,MAE,FLETCHER,2,Jon,Stephens,13,58.87000000000002,4.52846153846154,0
82,KATHRYN,COLEMAN,2,Jon,Stephens,13,58.87000000000001,4.528461538461539,1
580,ROSS,GREY,1,Mike,Hillyer,13,58.87000000000001,4.528461538461539,1
213,GINA,WILLIAMSON,2,Jon,Stephens,14,58.86000000000002,4.2042857142857155,0
270,LEAH,CURTIS,1,Mike,Hillyer,14,58.86000000000002,4.2042857142857155,1
451,JIM,REA,2,Jon,Stephens,14,58.86000000000002,4.2042857142857155,2
101,PEGGY,MYERS,2,Jon,Stephens,14,58.860000000000014,4.2042857142857155,1
306,CHARLES,KOWALSKI,1,Mike,Hillyer,14,58.860000000000014,4.2042857142857155,0
570,IVAN,CROMWELL,2,Jon,Stephens,14,58.860000000000014,4.2042857142857155,0
325,TIMOTHY,BUNN,2,Jon,Stephens,15,58.850000000000016,3.9233333333333342,1
338,DENNIS,GILMAN,1,Mike,Hillyer,15,58.850000000000016,3.9233333333333342,0
186,HOLLY,FOX,1,Mike,Hillyer,15,58.85000000000001,3.923333333333334,1
441,MARIO,CHEATHAM,2,Jon,Stephens,16,58.84000000000002,3.677500000000001,1
573,BYRON,BOX,1,Mike,Hillyer,17,58.83000000000002,3.460588235294119,0
16,SANDRA,MARTIN,1,Mike,Hillyer,10,57.900000000000006,5.790000000000001,1
100,ROBIN,HAYES,2,Jon,Stephens,11,57.890000000000015,5.2627272727272745,0
127,ELAINE,STEVENS,1,Mike,Hillyer,11,57.890000000000015,5.2627272727272745,1
480,COREY,HAUSER,2,Jon,Stephens,12,57.88000000000002,4.823333333333335,2
539,MATHEW,BOLIN,2,Jon,Stephens,12,57.88000000000002,4.823333333333335,0
590,SETH,HANNON,1,Mike,Hillyer,12,57.88000000000001,4.823333333333334,1
56,GLORIA,COOK,1,Mike,Hillyer,13,57.87000000000002,4.451538461538463,0
98,LILLIAN,GRIFFIN,2,Jon,Stephens,13,57.87000000000002,4.451538461538463,0
588,MARION,OCAMPO,2,Jon,Stephens,13,57.87000000000002,4.451538461538463,0
258,MYRTLE,FLEMING,2,Jon,Stephens,13,57.87000000000001,4.451538461538463,1
337,JERRY,JORDON,1,Mike,Hillyer,13,57.87000000000001,4.451538461538463,0
484,ROBERTO,VU,1,Mike,Hillyer,13,57.87000000000001,4.451538461538463,0
80,MARILYN,ROSS,2,Jon,Stephens,14,57.86000000000002,4.132857142857144,2
225,ARLENE,HARVEY,2,Jon,Stephens,14,57.86000000000002,4.132857142857144,0
402,LUIS,YANEZ,2,Jon,Stephens,14,57.86000000000002,4.132857142857144,0
8,SUSAN,WILSON,1,Mike,Hillyer,14,57.860000000000014,4.1328571428571435,1
161,GERALDINE,PERKINS,1,Mike,Hillyer,14,57.860000000000014,4.1328571428571435,0
485,CLYDE,TOBIAS,2,Jon,Stephens,14,57.860000000000014,4.1328571428571435,1
27,SHIRLEY,ALLEN,2,Jon,Stephens,15,57.850000000000016,3.856666666666668,0
52,JULIE,SANCHEZ,2,Jon,Stephens,15,57.850000000000016,3.856666666666668,0
256,MABEL,HOLLAND,2,Jon,Stephens,15,57.850000000000016,3.856666666666668,1
257,MARSHA,DOUGLAS,1,Mike,Hillyer,15,57.850000000000016,3.856666666666668,0
96,DIANA,ALEXANDER,1,Mike,Hillyer,16,57.84000000000002,3.615000000000001,0
366,BRANDON,HUEY,2,Jon,Stephens,16,57.84000000000002,3.615000000000001,0
75,TAMMY,SANDERS,2,Jon,Stephens,16,57.84000000000001,3.6150000000000007,0
439,ALEXANDER,FENNELL,1,Mike,Hillyer,17,57.83000000000003,3.4017647058823544,0
385,PHILLIP,HOLM,1,Mike,Hillyer,17,57.83000000000002,3.401764705882354,0
47,FRANCES,PARKER,2,Jon,Stephens,10,56.900000000000006,5.69,1
523,HARVEY,GUAJARDO,1,Mike,Hillyer,11,56.890000000000015,5.171818181818183,1
585,PERRY,SWAFFORD,1,Mike,Hillyer,11,56.890000000000015,5.171818181818183,2
504,NATHANIEL,ADAM,1,Mike,Hillyer,11,56.89000000000001,5.171818181818183,2
114,GRACE,ELLIS,2,Jon,Stephens,12,56.88000000000002,4.740000000000001,0
83,LOUISE,JENKINS,2,Jon,Stephens,12,56.88000000000001,4.740000000000001,0
173,AUDREY,RAY,1,Mike,Hillyer,12,56.88000000000001,4.740000000000001,1
426,BRADLEY,MOTLEY,2,Jon,Stephens,12,56.88000000000001,4.740000000000001,1
32,AMY,LOPEZ,1,Mike,Hillyer,13,56.87000000000002,4.374615384615386,2
112,ROSA,REYNOLDS,1,Mike,Hillyer,13,56.87000000000002,4.374615384615386,1
552,HUGH,WALDROP,2,Jon,Stephens,13,56.87000000000002,4.374615384615386,0
554,DWAYNE,OLVERA,1,Mike,Hillyer,13,56.87000000000002,4.374615384615386,1
304,DAVID,ROYAL,1,Mike,Hillyer,13,56.87000000000001,4.374615384615385,0
418,JEFF,EAST,2,Jon,Stephens,13,56.87000000000001,4.374615384615385,1
562,WALLACE,SLONE,2,Jon,Stephens,13,56.87000000000001,4.374615384615385,1
42,CAROLYN,PEREZ,1,Mike,Hillyer,14,56.860000000000014,4.061428571428572,0
66,JANICE,WARD,2,Jon,Stephens,14,56.860000000000014,4.061428571428572,0
156,BERTHA,FERGUSON,2,Jon,Stephens,14,56.860000000000014,4.061428571428572,1
481,HERMAN,DEVORE,1,Mike,Hillyer,14,56.860000000000014,4.061428571428572,1
319,RONALD,WEINER,2,Jon,Stephens,15,56.85000000000002,3.7900000000000014,1
358,SAMUEL,MARLOW,1,Mike,Hillyer,15,56.850000000000016,3.790000000000001,0
168,REGINA,BERRY,2,Jon,Stephens,15,56.85000000000001,3.7900000000000005,0
30,MELISSA,KING,2,Jon,Stephens,16,56.84000000000002,3.552500000000001,0
386,TODD,TAN,1,Mike,Hillyer,16,56.84000000000002,3.552500000000001,1
538,TED,BREAUX,1,Mike,Hillyer,16,56.84000000000001,3.5525000000000007,0
461,DEREK,BLAKELY,2,Jon,Stephens,17,56.83000000000002,3.3429411764705894,0
305,RICHARD,MCCRARY,1,Mike,Hillyer,10,55.90000000000001,5.590000000000002,2
560,JORDAN,ARCHULETA,2,Jon,Stephens,11,55.890000000000015,5.080909090909092,1
565,JAIME,NETTLES,2,Jon,Stephens,11,55.890000000000015,5.080909090909092,1
585,PERRY,SWAFFORD,2,Jon,Stephens,12,55.88000000000002,4.656666666666668,1
286,VELMA,LUCAS,2,Jon,Stephens,12,55.88000000000001,4.656666666666667,1
365,BRUCE,SCHWARZ,1,Mike,Hillyer,12,55.88000000000001,4.656666666666667,1
375,AARON,SELBY,1,Mike,Hillyer,12,55.88000000000001,4.656666666666667,0
497,GILBERT,SLEDGE,2,Jon,Stephens,12,55.88000000000001,4.656666666666667,1
32,AMY,LOPEZ,2,Jon,Stephens,13,55.87000000000001,4.297692307692309,1
78,LORI,WOOD,1,Mike,Hillyer,13,55.87000000000001,4.297692307692309,1
189,LORETTA,CARPENTER,1,Mike,Hillyer,13,55.87000000000001,4.297692307692309,1
392,SEAN,DOUGLASS,2,Jon,Stephens,13,55.87000000000001,4.297692307692309,1
60,MILDRED,BAILEY,1,Mike,Hillyer,14,55.86000000000002,3.9900000000000015,1
2,PATRICIA,JOHNSON,1,Mike,Hillyer,14,55.860000000000014,3.990000000000001,0
182,RENEE,LANE,1,Mike,Hillyer,14,55.860000000000014,3.990000000000001,0
290,KRISTINA,CHAMBERS,2,Jon,Stephens,14,55.860000000000014,3.990000000000001,1
333,ANDREW,PURDY,2,Jon,Stephens,14,55.860000000000014,3.990000000000001,1
383,MARTIN,BALES,1,Mike,Hillyer,14,55.860000000000014,3.990000000000001,0
327,LARRY,THRASHER,1,Mike,Hillyer,14,55.86,3.9899999999999998,1
572,SIDNEY,BURLESON,1,Mike,Hillyer,15,55.850000000000016,3.7233333333333345,0
397,JIMMY,SCHRADER,2,Jon,Stephens,16,55.840000000000025,3.4900000000000015,0
503,ANGEL,BARCLAY,1,Mike,Hillyer,16,55.84000000000002,3.490000000000001,0
241,HEIDI,LARSON,1,Mike,Hillyer,17,55.83000000000002,3.2841176470588245,0
405,LEONARD,SCHOFIELD,1,Mike,Hillyer,17,55.83000000000001,3.2841176470588245,0
462,WARREN,SHERROD,2,Jon,Stephens,10,54.90000000000001,5.490000000000001,3
13,KAREN,JACKSON,2,Jon,Stephens,10,54.900000000000006,5.49,2
192,LAURIE,LAWRENCE,1,Mike,Hillyer,11,54.890000000000015,4.990000000000001,0
404,STANLEY,SCROGGINS,2,Jon,Stephens,11,54.89000000000001,4.990000000000001,2
589,TRACY,HERRMANN,1,Mike,Hillyer,11,54.89000000000001,4.990000000000001,1
591,KENT,ARSENAULT,2,Jon,Stephens,11,54.89000000000001,4.990000000000001,1
338,DENNIS,GILMAN,2,Jon,Stephens,12,54.88000000000002,4.573333333333335,0
285,MIRIAM,MCKINNEY,2,Jon,Stephens,12,54.88000000000001,4.573333333333334,1
160,ERIN,DUNN,1,Mike,Hillyer,13,54.87000000000001,4.220769230769232,0
240,MARLENE,WELCH,2,Jon,Stephens,13,54.87000000000001,4.220769230769232,0
324,GARY,COY,1,Mike,Hillyer,13,54.87000000000001,4.220769230769232,1
172,BERNICE,WILLIS,1,Mike,Hillyer,14,54.86000000000002,3.91857142857143,0
286,VELMA,LUCAS,1,Mike,Hillyer,14,54.86000000000002,3.91857142857143,1
340,PATRICK,NEWSOM,2,Jon,Stephens,14,54.86000000000002,3.91857142857143,0
485,CLYDE,TOBIAS,1,Mike,Hillyer,14,54.86000000000002,3.91857142857143,1
202,CARLA,GUTIERREZ,1,Mike,Hillyer,15,54.85000000000002,3.656666666666668,1
435,RICKY,SHELBY,1,Mike,Hillyer,15,54.85000000000002,3.656666666666668,1
173,AUDREY,RAY,2,Jon,Stephens,15,54.850000000000016,3.6566666666666676,1
241,HEIDI,LARSON,2,Jon,Stephens,15,54.850000000000016,3.6566666666666676,0
239,MINNIE,ROMERO,1,Mike,Hillyer,15,54.85000000000001,3.656666666666667,0
298,ERIKA,PENA,2,Jon,Stephens,15,54.85000000000001,3.656666666666667,0
19,RUTH,MARTINEZ,1,Mike,Hillyer,10,53.90000000000001,5.3900000000000015,2
225,ARLENE,HARVEY,1,Mike,Hillyer,10,53.90000000000001,5.3900000000000015,0
37,PAMELA,BAKER,1,Mike,Hillyer,11,53.890000000000015,4.89909090909091,1
149,VALERIE,BLACK,2,Jon,Stephens,11,53.890000000000015,4.89909090909091,0
490,SAM,MCDUFFIE,1,Mike,Hillyer,11,53.890000000000015,4.89909090909091,0
10,DOROTHY,TAYLOR,2,Jon,Stephens,12,53.88000000000002,4.490000000000001,1
193,KATIE,ELLIOTT,1,Mike,Hillyer,12,53.88000000000002,4.490000000000001,1
301,ROBERT,BAUGHMAN,2,Jon,Stephens,12,53.88000000000002,4.490000000000001,0
430,RAY,HOULE,1,Mike,Hillyer,12,53.88000000000002,4.490000000000001,0
406,NATHAN,RUNYON,1,Mike,Hillyer,12,53.88000000000001,4.490000000000001,1
190,YOLANDA,WEAVER,2,Jon,Stephens,13,53.87000000000002,4.143846153846155,1
239,MINNIE,ROMERO,2,Jon,Stephens,13,53.87000000000002,4.143846153846155,1
407,DALE,RATCLIFF,2,Jon,Stephens,13,53.87000000000002,4.143846153846155,1
40,AMANDA,CARTER,1,Mike,Hillyer,13,53.87000000000001,4.143846153846154,1
69,JUDY,GRAY,1,Mike,Hillyer,13,53.87000000000001,4.143846153846154,1
139,AMBER,DIXON,2,Jon,Stephens,13,53.87000000000001,4.143846153846154,0
265,JENNIE,TERRY,1,Mike,Hillyer,13,53.87000000000001,4.143846153846154,1
454,ALEX,GRESHAM,1,Mike,Hillyer,13,53.87000000000001,4.143846153846154,1
77,JANE,BENNETT,2,Jon,Stephens,13,53.870000000000005,4.143846153846154,2
415,GLENN,PULLEN,2,Jon,Stephens,13,53.870000000000005,4.143846153846154,2
18,CAROL,GARCIA,2,Jon,Stephens,14,53.86000000000002,3.8471428571428588,0
511,CHESTER,BENNER,1,Mike,Hillyer,14,53.860000000000014,3.8471428571428583,0
1,MARY,SMITH,2,Jon,Stephens,15,53.850000000000016,3.590000000000001,1
6,JENNIFER,DAVIS,1,Mike,Hillyer,15,53.850000000000016,3.590000000000001,0
302,MICHAEL,SILVERMAN,2,Jon,Stephens,15,53.850000000000016,3.590000000000001,0
561,IAN,STILL,1,Mike,Hillyer,15,53.85,3.5900000000000003,1
244,VIOLA,HANSON,2,Jon,Stephens,16,53.84000000000001,3.3650000000000007,0
356,GERALD,FULTZ,1,Mike,Hillyer,17,53.83000000000001,3.166470588235295,0
432,EDWIN,BURK,1,Mike,Hillyer,10,52.90000000000001,5.290000000000001,0
310,DANIEL,CABRAL,2,Jon,Stephens,10,52.900000000000006,5.290000000000001,1
216,NATALIE,MEYER,2,Jon,Stephens,11,52.890000000000015,4.8081818181818194,1
258,MYRTLE,FLEMING,1,Mike,Hillyer,11,52.890000000000015,4.8081818181818194,1
11,LISA,ANDERSON,1,Mike,Hillyer,11,52.89000000000001,4.808181818181819,1
538,TED,BREAUX,2,Jon,Stephens,11,52.89000000000001,4.808181818181819,2
303,WILLIAM,SATTERFIELD,1,Mike,Hillyer,12,52.88000000000002,4.406666666666668,1
334,RAYMOND,MCWHORTER,2,Jon,Stephens,12,52.88000000000002,4.406666666666668,0
364,BENJAMIN,VARNEY,2,Jon,Stephens,12,52.88000000000002,4.406666666666668,0
443,FRANCISCO,SKIDMORE,1,Mike,Hillyer,12,52.88000000000002,4.406666666666668,2
500,REGINALD,KINDER,2,Jon,Stephens,12,52.88000000000002,4.406666666666668,0
56,GLORIA,COOK,2,Jon,Stephens,12,52.88000000000001,4.406666666666667,1
316,STEVEN,CURLEY,1,Mike,Hillyer,12,52.88000000000001,4.406666666666667,0
345,CARL,ARTIS,2,Jon,Stephens,12,52.88000000000001,4.406666666666667,2
386,TODD,TAN,2,Jon,Stephens,12,52.88000000000001,4.406666666666667,0
452,TOM,MILNER,2,Jon,Stephens,12,52.88000000000001,4.406666666666667,0
313,DONALD,MAHON,2,Jon,Stephens,13,52.87000000000002,4.066923076923079,0
274,NAOMI,JENNINGS,1,Mike,Hillyer,13,52.87000000000001,4.066923076923078,1
512,CECIL,VINES,1,Mike,Hillyer,13,52.87000000000001,4.066923076923078,0
553,MAX,PITT,2,Jon,Stephens,13,52.87000000000001,4.066923076923078,0
126,ELLEN,SIMPSON,1,Mike,Hillyer,13,52.870000000000005,4.066923076923077,1
481,HERMAN,DEVORE,2,Jon,Stephens,14,52.86000000000002,3.775714285714287,0
450,JAY,ROBB,1,Mike,Hillyer,14,52.860000000000014,3.7757142857142867,0
474,DUSTIN,GILLETTE,1,Mike,Hillyer,14,52.860000000000014,3.7757142857142867,1
546,KELLY,KNOTT,1,Mike,Hillyer,14,52.860000000000014,3.7757142857142867,0
92,TINA,SIMMONS,1,Mike,Hillyer,14,52.86000000000001,3.7757142857142862,1
487,HECTOR,POINDEXTER,2,Jon,Stephens,14,52.86000000000001,3.7757142857142862,0
442,LEROY,BUSTAMANTE,1,Mike,Hillyer,15,52.850000000000016,3.5233333333333343,0
361,LAWRENCE,LAWTON,2,Jon,Stephens,15,52.85000000000001,3.523333333333334,0
232,CONSTANCE,REID,2,Jon,Stephens,16,52.84000000000002,3.302500000000001,1
28,CYNTHIA,YOUNG,2,Jon,Stephens,16,52.84000000000001,3.3025000000000007,0
91,LOIS,BUTLER,2,Jon,Stephens,18,52.82000000000001,2.934444444444445,0
44,MARIE,TURNER,2,Jon,Stephens,10,51.90000000000001,5.190000000000001,1
240,MARLENE,WELCH,1,Mike,Hillyer,10,51.90000000000001,5.190000000000001,2
249,DORA,MEDINA,1,Mike,Hillyer,10,51.90000000000001,5.190000000000001,1
535,JAVIER,ELROD,2,Jon,Stephens,10,51.90000000000001,5.190000000000001,2
146,JAMIE,RICE,2,Jon,Stephens,11,51.890000000000015,4.717272727272729,0
344,HENRY,BILLINGSLEY,2,Jon,Stephens,11,51.890000000000015,4.717272727272729,0
490,SAM,MCDUFFIE,2,Jon,Stephens,11,51.890000000000015,4.717272727272729,1
517,BRAD,MCCURDY,1,Mike,Hillyer,11,51.890000000000015,4.717272727272729,1
123,SHANNON,FREEMAN,2,Jon,Stephens,11,51.89000000000001,4.717272727272728,1
436,TROY,QUIGLEY,1,Mike,Hillyer,11,51.89000000000001,4.717272727272728,2
53,HEATHER,MORRIS,1,Mike,Hillyer,12,51.88000000000002,4.323333333333335,0
158,VERONICA,STONE,2,Jon,Stephens,12,51.88000000000002,4.323333333333335,1
115,WENDY,HARRISON,1,Mike,Hillyer,12,51.88000000000001,4.323333333333334,0
551,CLAYTON,BARBEE,2,Jon,Stephens,12,51.88000000000001,4.323333333333334,1
63,ASHLEY,RICHARDSON,2,Jon,Stephens,13,51.87000000000002,3.9900000000000015,2
40,AMANDA,CARTER,2,Jon,Stephens,13,51.87000000000001,3.990000000000001,1
81,ANDREA,HENDERSON,1,Mike,Hillyer,13,51.87000000000001,3.990000000000001,0
420,JACOB,LANCE,2,Jon,Stephens,13,51.87000000000001,3.990000000000001,1
593,RENE,MCALISTER,2,Jon,Stephens,13,51.870000000000005,3.99,0
442,LEROY,BUSTAMANTE,2,Jon,Stephens,14,51.86000000000002,3.704285714285716,1
160,ERIN,DUNN,2,Jon,Stephens,14,51.86000000000001,3.7042857142857146,0
323,MATTHEW,MAHAN,1,Mike,Hillyer,15,51.850000000000016,3.456666666666668,0
558,JIMMIE,EGGLESTON,1,Mike,Hillyer,15,51.850000000000016,3.456666666666668,1
16,SANDRA,MARTIN,2,Jon,Stephens,15,51.85000000000001,3.4566666666666674,0
569,DAVE,GARDINER,2,Jon,Stephens,15,51.85,3.4566666666666666,1
391,CLARENCE,GAMEZ,1,Mike,Hillyer,16,51.84000000000002,3.240000000000001,0
76,IRENE,PRICE,2,Jon,Stephens,16,51.84000000000001,3.2400000000000007,0
135,JUANITA,MASON,1,Mike,Hillyer,16,51.84000000000001,3.2400000000000007,0
59,CHERYL,MURPHY,2,Jon,Stephens,10,50.90000000000001,5.090000000000002,1
184,VIVIAN,RUIZ,2,Jon,Stephens,10,50.90000000000001,5.090000000000002,1
448,MIGUEL,BETANCOURT,1,Mike,Hillyer,10,50.90000000000001,5.090000000000002,2
541,DARREN,WINDHAM,1,Mike,Hillyer,10,50.90000000000001,5.090000000000002,1
577,CLIFTON,MALCOLM,1,Mike,Hillyer,10,50.90000000000001,5.090000000000002,0
578,WILLARD,LUMPKIN,2,Jon,Stephens,10,50.90000000000001,5.090000000000002,0
70,CHRISTINA,RAMIREZ,1,Mike,Hillyer,11,50.890000000000015,4.626363636363638,1
200,JEANNE,LAWSON,2,Jon,Stephens,11,50.890000000000015,4.626363636363638,0
460,LEON,BOSTIC,2,Jon,Stephens,11,50.890000000000015,4.626363636363638,2
489,RICARDO,MEADOR,1,Mike,Hillyer,11,50.890000000000015,4.626363636363638,0
547,KURT,EMMONS,2,Jon,Stephens,11,50.890000000000015,4.626363636363638,1
24,KIMBERLY,LEE,2,Jon,Stephens,11,50.89000000000001,4.626363636363637,1
154,MICHELE,GRANT,2,Jon,Stephens,11,50.89000000000001,4.626363636363637,0
262,PATSY,DAVIDSON,2,Jon,Stephens,11,50.89000000000001,4.626363636363637,1
49,JOYCE,EDWARDS,1,Mike,Hillyer,12,50.88000000000002,4.240000000000001,0
73,BEVERLY,BROOKS,1,Mike,Hillyer,12,50.88000000000002,4.240000000000001,1
117,EDITH,MCDONALD,1,Mike,Hillyer,12,50.88000000000002,4.240000000000001,1
233,LILLIE,KIM,1,Mike,Hillyer,12,50.88000000000002,4.240000000000001,1
90,RUBY,WASHINGTON,1,Mike,Hillyer,12,50.88000000000001,4.240000000000001,0
169,ERICA,MATTHEWS,2,Jon,Stephens,12,50.88000000000001,4.240000000000001,1
143,LESLIE,GORDON,1,Mike,Hillyer,12,50.88,4.24,0
151,MEGAN,PALMER,1,Mike,Hillyer,13,50.87000000000002,3.9130769230769245,0
113,CINDY,FISHER,1,Mike,Hillyer,13,50.87000000000001,3.913076923076924,1
290,KRISTINA,CHAMBERS,1,Mike,Hillyer,13,50.87000000000001,3.913076923076924,0
407,DALE,RATCLIFF,1,Mike,Hillyer,13,50.87000000000001,3.913076923076924,2
544,CODY,NOLEN,1,Mike,Hillyer,13,50.870000000000005,3.9130769230769236,1
305,RICHARD,MCCRARY,2,Jon,Stephens,14,50.860000000000014,3.632857142857144,0
14,BETTY,WHITE,1,Mike,Hillyer,15,50.850000000000016,3.390000000000001,0
342,HAROLD,MARTINO,1,Mike,Hillyer,15,50.85000000000001,3.3900000000000006,0
377,HOWARD,FORTNER,1,Mike,Hillyer,16,50.84000000000002,3.177500000000001,1
418,JEFF,EAST,1,Mike,Hillyer,17,50.83000000000001,2.9900000000000007,0
206,TERRI,VASQUEZ,1,Mike,Hillyer,10,49.90000000000001,4.990000000000001,0
449,OSCAR,AQUINO,2,Jon,Stephens,10,49.90000000000001,4.990000000000001,0
553,MAX,PITT,1,Mike,Hillyer,10,49.90000000000001,4.990000000000001,1
599,AUSTIN,CINTRON,2,Jon,Stephens,10,49.90000000000001,4.990000000000001,2
528,CLAUDE,HERZOG,2,Jon,Stephens,10,49.900000000000006,4.99,2
165,LORRAINE,STEPHENS,2,Jon,Stephens,11,49.890000000000015,4.535454545454547,0
409,RODNEY,MOELLER,2,Jon,Stephens,11,49.890000000000015,4.535454545454547,1
431,JOEL,FRANCISCO,2,Jon,Stephens,11,49.890000000000015,4.535454545454547,1
491,RICK,MATTOX,1,Mike,Hillyer,11,49.890000000000015,4.535454545454547,1
593,RENE,MCALISTER,1,Mike,Hillyer,11,49.890000000000015,4.535454545454547,0
583,MARSHALL,THORN,1,Mike,Hillyer,11,49.89000000000001,4.535454545454546,1
367,ADAM,GOOCH,2,Jon,Stephens,11,49.89,4.535454545454545,1
4,BARBARA,JONES,1,Mike,Hillyer,12,49.88000000000002,4.156666666666668,0
126,ELLEN,SIMPSON,2,Jon,Stephens,12,49.88000000000002,4.156666666666668,0
152,ALICIA,MILLS,1,Mike,Hillyer,12,49.88000000000001,4.156666666666667,0
291,TONI,HOLT,2,Jon,Stephens,12,49.88000000000001,4.156666666666667,0
425,FRANCIS,SIKES,2,Jon,Stephens,12,49.88000000000001,4.156666666666667,1
28,CYNTHIA,YOUNG,1,Mike,Hillyer,13,49.87000000000002,3.836153846153848,1
186,HOLLY,FOX,2,Jon,Stephens,13,49.87000000000001,3.836153846153847,0
230,JOY,GEORGE,1,Mike,Hillyer,13,49.87000000000001,3.836153846153847,1
335,GREGORY,MAULDIN,1,Mike,Hillyer,13,49.87000000000001,3.836153846153847,1
419,CHAD,CARBONE,1,Mike,Hillyer,13,49.87000000000001,3.836153846153847,0
588,MARION,OCAMPO,1,Mike,Hillyer,14,49.86000000000002,3.5614285714285727,0
219,WILLIE,HOWELL,2,Jon,Stephens,14,49.860000000000014,3.5614285714285723,0
91,LOIS,BUTLER,1,Mike,Hillyer,15,49.85000000000002,3.323333333333335,0
64,JUDITH,COX,1,Mike,Hillyer,15,49.850000000000016,3.3233333333333346,0
36,KATHLEEN,ADAMS,2,Jon,Stephens,15,49.85000000000001,3.3233333333333337,0
294,SHELLY,WATTS,1,Mike,Hillyer,10,48.90000000000001,4.8900000000000015,0
433,DON,BONE,2,Jon,Stephens,10,48.90000000000001,4.8900000000000015,0
524,JARED,ELY,2,Jon,Stephens,10,48.90000000000001,4.8900000000000015,1
193,KATIE,ELLIOTT,2,Jon,Stephens,10,48.900000000000006,4.890000000000001,0
501,RUBEN,GEARY,2,Jon,Stephens,10,48.900000000000006,4.890000000000001,0
495,CHARLIE,BESS,2,Jon,Stephens,11,48.890000000000015,4.444545454545456,0
520,MITCHELL,WESTMORELAND,2,Jon,Stephens,11,48.890000000000015,4.444545454545456,0
202,CARLA,GUTIERREZ,2,Jon,Stephens,11,48.89000000000001,4.444545454545455,2
235,JACKIE,LYNCH,1,Mike,Hillyer,11,48.89000000000001,4.444545454545455,0
422,MELVIN,ELLINGTON,1,Mike,Hillyer,11,48.89000000000001,4.444545454545455,1
438,BARRY,LOVELACE,1,Mike,Hillyer,11,48.89000000000001,4.444545454545455,0
453,CALVIN,MARTEL,1,Mike,Hillyer,11,48.89000000000001,4.444545454545455,0
195,VANESSA,SIMS,2,Jon,Stephens,11,48.89,4.444545454545454,1
299,JAMES,GANNON,2,Jon,Stephens,12,48.88000000000001,4.073333333333334,1
333,ANDREW,PURDY,1,Mike,Hillyer,12,48.88000000000001,4.073333333333334,0
581,VIRGIL,WOFFORD,1,Mike,Hillyer,12,48.88000000000001,4.073333333333334,1
128,MARJORIE,TUCKER,1,Mike,Hillyer,12,48.88,4.073333333333333,2
213,GINA,WILLIAMSON,1,Mike,Hillyer,12,48.88,4.073333333333333,1
397,JIMMY,SCHRADER,1,Mike,Hillyer,12,48.88,4.073333333333333,0
42,CAROLYN,PEREZ,2,Jon,Stephens,13,48.87000000000002,3.7592307692307707,0
387,JESSE,SCHILLING,2,Jon,Stephens,13,48.87000000000002,3.7592307692307707,0
425,FRANCIS,SIKES,1,Mike,Hillyer,13,48.87000000000002,3.7592307692307707,0
458,LLOYD,DOWD,2,Jon,Stephens,13,48.87000000000002,3.7592307692307707,0
167,SALLY,PIERCE,2,Jon,Stephens,13,48.87000000000001,3.7592307692307703,0
208,LUCY,WHEELER,2,Jon,Stephens,13,48.87000000000001,3.7592307692307703,0
323,MATTHEW,MAHAN,2,Jon,Stephens,13,48.87000000000001,3.7592307692307703,0
517,BRAD,MCCURDY,2,Jon,Stephens,13,48.870000000000005,3.7592307692307694,0
581,VIRGIL,WOFFORD,2,Jon,Stephens,13,48.870000000000005,3.7592307692307694,1
153,SUZANNE,NICHOLS,1,Mike,Hillyer,14,48.86000000000001,3.4900000000000007,0
229,TAMARA,NGUYEN,2,Jon,Stephens,14,48.86000000000001,3.4900000000000007,0
84,SARA,PERRY,1,Mike,Hillyer,10,47.90000000000001,4.790000000000001,1
222,DELORES,HANSEN,2,Jon,Stephens,10,47.90000000000001,4.790000000000001,1
389,ALAN,KAHN,2,Jon,Stephens,10,47.90000000000001,4.790000000000001,1
478,LEWIS,LYMAN,2,Jon,Stephens,10,47.90000000000001,4.790000000000001,1
371,BILLY,POULIN,2,Jon,Stephens,10,47.900000000000006,4.790000000000001,2
96,DIANA,ALEXANDER,2,Jon,Stephens,11,47.890000000000015,4.353636363636365,0
127,ELAINE,STEVENS,2,Jon,Stephens,11,47.890000000000015,4.353636363636365,0
135,JUANITA,MASON,2,Jon,Stephens,11,47.890000000000015,4.353636363636365,0
266,NORA,HERRERA,2,Jon,Stephens,11,47.890000000000015,4.353636363636365,0
496,TYLER,WREN,1,Mike,Hillyer,11,47.890000000000015,4.353636363636365,0
537,CLINTON,BUFORD,2,Jon,Stephens,11,47.890000000000015,4.353636363636365,1
590,SETH,HANNON,2,Jon,Stephens,11,47.890000000000015,4.353636363636365,0
41,STEPHANIE,MITCHELL,1,Mike,Hillyer,11,47.89000000000001,4.353636363636364,0
62,JOAN,COOPER,2,Jon,Stephens,11,47.89000000000001,4.353636363636364,1
409,RODNEY,MOELLER,1,Mike,Hillyer,11,47.89000000000001,4.353636363636364,1
428,HERBERT,KRUGER,1,Mike,Hillyer,11,47.89000000000001,4.353636363636364,0
506,LESLIE,SEWARD,1,Mike,Hillyer,11,47.89000000000001,4.353636363636364,2
446,THEODORE,CULP,1,Mike,Hillyer,12,47.88000000000002,3.9900000000000015,0
516,ELMER,NOE,1,Mike,Hillyer,12,47.88000000000002,3.9900000000000015,2
261,DEANNA,BYRD,1,Mike,Hillyer,12,47.88000000000001,3.9900000000000007,0
353,JONATHAN,SCARBOROUGH,2,Jon,Stephens,12,47.88000000000001,3.9900000000000007,0
455,JON,WILES,1,Mike,Hillyer,12,47.88000000000001,3.9900000000000007,1
567,ALFREDO,MCADAMS,2,Jon,Stephens,12,47.88000000000001,3.9900000000000007,1
328,JEFFREY,SPEAR,1,Mike,Hillyer,13,47.87000000000002,3.6823076923076936,0
447,CLIFFORD,BOWENS,2,Jon,Stephens,13,47.87000000000002,3.6823076923076936,0
499,MARC,OUTLAW,2,Jon,Stephens,13,47.87000000000001,3.682307692307693,0
108,TRACY,COLE,1,Mike,Hillyer,13,47.87,3.6823076923076923,1
46,CATHERINE,CAMPBELL,1,Mike,Hillyer,14,47.860000000000014,3.4185714285714295,0
424,KYLE,SPURLOCK,1,Mike,Hillyer,10,46.90000000000001,4.690000000000001,1
427,JESUS,MCCARTNEY,2,Jon,Stephens,10,46.90000000000001,4.690000000000001,0
543,LANCE,PEMBERTON,2,Jon,Stephens,10,46.90000000000001,4.690000000000001,1
210,ELLA,OLIVER,1,Mike,Hillyer,10,46.900000000000006,4.69,0
327,LARRY,THRASHER,2,Jon,Stephens,10,46.900000000000006,4.69,0
460,LEON,BOSTIC,1,Mike,Hillyer,10,46.900000000000006,4.69,0
54,TERESA,ROGERS,2,Jon,Stephens,11,46.890000000000015,4.2627272727272745,0
399,DANNY,ISOM,2,Jon,Stephens,11,46.890000000000015,4.2627272727272745,0
529,ERIK,GUILLEN,1,Mike,Hillyer,11,46.890000000000015,4.2627272727272745,0
533,JESSIE,MILAM,2,Jon,Stephens,11,46.890000000000015,4.2627272727272745,1
34,REBECCA,SCOTT,2,Jon,Stephens,11,46.89000000000001,4.262727272727274,0
393,PHILIP,CAUSEY,1,Mike,Hillyer,11,46.89000000000001,4.262727272727274,1
518,GABRIEL,HARDER,1,Mike,Hillyer,11,46.89000000000001,4.262727272727274,0
147,JOANNE,ROBERTSON,1,Mike,Hillyer,12,46.88000000000001,3.9066666666666676,1
507,EDGAR,RHOADS,2,Jon,Stephens,12,46.88000000000001,3.9066666666666676,0
133,PAULINE,HENRY,2,Jon,Stephens,13,46.87000000000002,3.605384615384617,0
199,BETH,FRANKLIN,1,Mike,Hillyer,13,46.87000000000001,3.605384615384616,1
122,THELMA,MURRAY,1,Mike,Hillyer,14,46.860000000000014,3.3471428571428583,0
278,BILLIE,HORTON,1,Mike,Hillyer,14,46.860000000000014,3.3471428571428583,0
329,FRANK,WAGGONER,2,Jon,Stephens,15,46.85000000000001,3.123333333333334,0
283,FELICIA,SUTTON,2,Jon,Stephens,15,46.85,3.1233333333333335,0
55,DORIS,REED,1,Mike,Hillyer,10,45.90000000000001,4.590000000000002,0
199,BETH,FRANKLIN,2,Jon,Stephens,10,45.90000000000001,4.590000000000002,1
219,WILLIE,HOWELL,1,Mike,Hillyer,10,45.90000000000001,4.590000000000002,0
421,LEE,HAWKS,2,Jon,Stephens,10,45.90000000000001,4.590000000000002,1
153,SUZANNE,NICHOLS,2,Jon,Stephens,10,45.900000000000006,4.590000000000001,1
130,CHARLOTTE,HUNTER,2,Jon,Stephens,11,45.890000000000015,4.171818181818183,0
296,RAMONA,HALE,1,Mike,Hillyer,11,45.890000000000015,4.171818181818183,0
11,LISA,ANDERSON,2,Jon,Stephens,11,45.89000000000001,4.171818181818183,0
123,SHANNON,FREEMAN,1,Mike,Hillyer,12,45.88000000000002,3.8233333333333346,1
174,YVONNE,WATKINS,1,Mike,Hillyer,12,45.88000000000002,3.8233333333333346,1
534,CHRISTIAN,JUNG,2,Jon,Stephens,12,45.88000000000001,3.823333333333334,0
537,CLINTON,BUFORD,1,Mike,Hillyer,12,45.88000000000001,3.823333333333334,2
280,TRACEY,BARRETT,2,Jon,Stephens,12,45.88,3.8233333333333337,1
260,CHRISTY,VARGAS,2,Jon,Stephens,13,45.87000000000001,3.5284615384615394,1
521,ROLAND,SOUTH,2,Jon,Stephens,13,45.87000000000001,3.5284615384615394,0
254,MAXINE,SILVA,2,Jon,Stephens,13,45.870000000000005,3.528461538461539,0
395,JOHNNY,TURPIN,1,Mike,Hillyer,14,45.86,3.275714285714286,0
217,AGNES,BISHOP,1,Mike,Hillyer,10,44.90000000000001,4.490000000000001,0
269,CASSANDRA,WALTERS,2,Jon,Stephens,10,44.90000000000001,4.490000000000001,0
44,MARIE,TURNER,1,Mike,Hillyer,10,44.900000000000006,4.49,1
317,EDWARD,BAUGH,2,Jon,Stephens,11,44.890000000000015,4.080909090909092,0
351,JACK,FOUST,2,Jon,Stephens,11,44.890000000000015,4.080909090909092,0
26,JESSICA,HALL,2,Jon,Stephens,11,44.89000000000001,4.080909090909092,1
98,LILLIAN,GRIFFIN,1,Mike,Hillyer,11,44.89000000000001,4.080909090909092,0
125,ETHEL,WEBB,2,Jon,Stephens,11,44.89000000000001,4.080909090909092,0
549,NELSON,CHRISTENSON,2,Jon,Stephens,11,44.89000000000001,4.080909090909092,1
578,WILLARD,LUMPKIN,1,Mike,Hillyer,11,44.89000000000001,4.080909090909092,0
505,RAFAEL,ABNEY,1,Mike,Hillyer,11,44.89,4.080909090909091,0
243,LYDIA,BURKE,2,Jon,Stephens,12,44.88000000000001,3.7400000000000007,0
228,ALLISON,STANLEY,2,Jon,Stephens,12,44.88,3.74,2
405,LEONARD,SCHOFIELD,2,Jon,Stephens,12,44.88,3.74,0
541,DARREN,WINDHAM,2,Jon,Stephens,12,44.88,3.74,0
422,MELVIN,ELLINGTON,2,Jon,Stephens,13,44.87000000000001,3.4515384615384623,0
597,FREDDIE,DUGGAN,1,Mike,Hillyer,13,44.87000000000001,3.4515384615384623,0
231,GEORGIA,JACOBS,1,Mike,Hillyer,13,44.870000000000005,3.451538461538462,0
384,ERNEST,STEPP,2,Jon,Stephens,14,44.86000000000001,3.2042857142857146,0
51,ALICE,STEWART,2,Jon,Stephens,10,43.90000000000001,4.3900000000000015,0
229,TAMARA,NGUYEN,1,Mike,Hillyer,10,43.90000000000001,4.3900000000000015,0
231,GEORGIA,JACOBS,2,Jon,Stephens,10,43.90000000000001,4.3900000000000015,2
58,JEAN,BELL,2,Jon,Stephens,10,43.900000000000006,4.390000000000001,1
304,DAVID,ROYAL,2,Jon,Stephens,10,43.900000000000006,4.390000000000001,1
382,VICTOR,BARKLEY,1,Mike,Hillyer,10,43.900000000000006,4.390000000000001,1
441,MARIO,CHEATHAM,1,Mike,Hillyer,10,43.900000000000006,4.390000000000001,1
465,FLOYD,GANDY,1,Mike,Hillyer,10,43.900000000000006,4.390000000000001,1
528,CLAUDE,HERZOG,1,Mike,Hillyer,10,43.900000000000006,4.390000000000001,0
598,WADE,DELVALLE,1,Mike,Hillyer,10,43.900000000000006,4.390000000000001,0
23,SARAH,LEWIS,1,Mike,Hillyer,11,43.890000000000015,3.9900000000000015,0
190,YOLANDA,WEAVER,1,Mike,Hillyer,11,43.890000000000015,3.9900000000000015,0
221,BESSIE,MORRISON,2,Jon,Stephens,11,43.89000000000001,3.9900000000000007,1
476,DERRICK,BOURQUE,1,Mike,Hillyer,11,43.89000000000001,3.9900000000000007,1
52,JULIE,SANCHEZ,1,Mike,Hillyer,12,43.88000000000001,3.6566666666666676,0
71,KATHY,JAMES,2,Jon,Stephens,12,43.88000000000001,3.6566666666666676,0
503,ANGEL,BARCLAY,2,Jon,Stephens,12,43.88000000000001,3.6566666666666676,0
157,DARLENE,ROSE,2,Jon,Stephens,13,43.87000000000001,3.3746153846153857,0
500,REGINALD,KINDER,1,Mike,Hillyer,13,43.87000000000001,3.3746153846153857,0
595,TERRENCE,GUNDERSON,2,Jon,Stephens,13,43.87000000000001,3.3746153846153857,1
198,ELSIE,KELLEY,2,Jon,Stephens,14,43.86000000000001,3.1328571428571435,0
354,JUSTIN,NGO,2,Jon,Stephens,14,43.86000000000001,3.1328571428571435,1
596,ENRIQUE,FORSYTHE,1,Mike,Hillyer,14,43.86000000000001,3.1328571428571435,0
463,DARRELL,POWER,1,Mike,Hillyer,15,43.85000000000001,2.923333333333334,0
43,CHRISTINE,ROBERTS,1,Mike,Hillyer,10,42.90000000000001,4.290000000000001,0
43,CHRISTINE,ROBERTS,2,Jon,Stephens,10,42.90000000000001,4.290000000000001,0
289,VIOLET,RODRIQUEZ,1,Mike,Hillyer,10,42.90000000000001,4.290000000000001,1
261,DEANNA,BYRD,2,Jon,Stephens,10,42.900000000000006,4.290000000000001,1
377,HOWARD,FORTNER,2,Jon,Stephens,10,42.900000000000006,4.290000000000001,1
298,ERIKA,PENA,1,Mike,Hillyer,10,42.9,4.29,1
100,ROBIN,HAYES,1,Mike,Hillyer,11,42.890000000000015,3.8990909090909103,2
263,HILDA,HOPKINS,1,Mike,Hillyer,11,42.890000000000015,3.8990909090909103,0
471,DEAN,SAUER,2,Jon,Stephens,11,42.890000000000015,3.8990909090909103,0
369,FRED,WHEAT,2,Jon,Stephens,11,42.89000000000001,3.89909090909091,0
434,EDDIE,TOMLIN,1,Mike,Hillyer,11,42.89000000000001,3.89909090909091,0
507,EDGAR,RHOADS,1,Mike,Hillyer,11,42.89000000000001,3.89909090909091,0
309,CHRISTOPHER,GRECO,1,Mike,Hillyer,12,42.88000000000002,3.5733333333333346,0
351,JACK,FOUST,1,Mike,Hillyer,12,42.88000000000001,3.573333333333334,0
34,REBECCA,SCOTT,1,Mike,Hillyer,13,42.870000000000005,3.297692307692308,0
104,RITA,GRAHAM,1,Mike,Hillyer,13,42.870000000000005,3.297692307692308,0
103,GLADYS,HAMILTON,1,Mike,Hillyer,14,42.86,3.0614285714285714,0
191,JEANETTE,GREENE,1,Mike,Hillyer,10,41.90000000000001,4.190000000000001,0
324,GARY,COY,2,Jon,Stephens,10,41.90000000000001,4.190000000000001,0
440,BERNARD,COLBY,1,Mike,Hillyer,10,41.90000000000001,4.190000000000001,1
546,KELLY,KNOTT,2,Jon,Stephens,10,41.900000000000006,4.19,1
217,AGNES,BISHOP,2,Jon,Stephens,11,41.890000000000015,3.8081818181818194,0
130,CHARLOTTE,HUNTER,1,Mike,Hillyer,11,41.89000000000001,3.808181818181819,0
300,JOHN,FARNSWORTH,2,Jon,Stephens,11,41.89000000000001,3.808181818181819,0
350,JUAN,FRALEY,2,Jon,Stephens,11,41.89000000000001,3.808181818181819,0
408,MANUEL,MURRELL,1,Mike,Hillyer,11,41.89000000000001,3.808181818181819,0
163,CATHY,SPENCER,1,Mike,Hillyer,11,41.89,3.808181818181818,2
275,CAROLE,BARNETT,1,Mike,Hillyer,11,41.89,3.808181818181818,0
332,STEPHEN,QUALLS,1,Mike,Hillyer,11,41.88999999999999,3.8081818181818177,0
67,KELLY,TORRES,2,Jon,Stephens,12,41.88000000000001,3.4900000000000007,0
85,ANNE,POWELL,1,Mike,Hillyer,12,41.88000000000001,3.4900000000000007,0
133,PAULINE,HENRY,1,Mike,Hillyer,12,41.88,3.49,0
382,VICTOR,BARKLEY,2,Jon,Stephens,12,41.88,3.49,0
514,FRANKLIN,TROUTMAN,1,Mike,Hillyer,13,41.870000000000005,3.220769230769231,0
326,JOSE,ANDREW,2,Jon,Stephens,14,41.86,2.9899999999999998,0
452,TOM,MILNER,1,Mike,Hillyer,16,41.84,2.615,0
36,KATHLEEN,ADAMS,1,Mike,Hillyer,10,40.900000000000006,4.090000000000001,1
432,EDWIN,BURK,2,Jon,Stephens,10,40.900000000000006,4.090000000000001,0
509,RAUL,FORTIER,2,Jon,Stephens,10,40.900000000000006,4.090000000000001,0
556,ARMANDO,GRUBER,2,Jon,Stephens,10,40.900000000000006,4.090000000000001,0
594,EDUARDO,HIATT,2,Jon,Stephens,10,40.900000000000006,4.090000000000001,1
159,JILL,HAWKINS,2,Jon,Stephens,10,40.9,4.09,1
276,BRANDY,GRAVES,1,Mike,Hillyer,11,40.89000000000001,3.717272727272728,1
330,SCOTT,SHELLEY,1,Mike,Hillyer,11,40.89000000000001,3.717272727272728,0
494,RAMON,CHOATE,1,Mike,Hillyer,11,40.89000000000001,3.717272727272728,0
559,EVERETT,BANDA,2,Jon,Stephens,11,40.89000000000001,3.717272727272728,0
10,DOROTHY,TAYLOR,1,Mike,Hillyer,12,40.88000000000001,3.4066666666666676,0
235,JACKIE,LYNCH,2,Jon,Stephens,12,40.88000000000001,3.4066666666666676,0
357,KEITH,RICO,1,Mike,Hillyer,12,40.88000000000001,3.4066666666666676,1
297,SHERRI,RHODES,2,Jon,Stephens,12,40.88,3.4066666666666667,0
183,IDA,ANDREWS,2,Jon,Stephens,13,40.87000000000001,3.143846153846155,0
314,GEORGE,LINTON,1,Mike,Hillyer,13,40.87000000000001,3.143846153846155,0
380,RUSSELL,BRINSON,2,Jon,Stephens,13,40.870000000000005,3.1438461538461544,1
45,JANET,PHILLIPS,2,Jon,Stephens,10,39.900000000000006,3.9900000000000007,0
95,PAULA,BRYANT,2,Jon,Stephens,10,39.900000000000006,3.9900000000000007,0
176,JUNE,CARROLL,2,Jon,Stephens,10,39.900000000000006,3.9900000000000007,0
431,JOEL,FRANCISCO,1,Mike,Hillyer,10,39.900000000000006,3.9900000000000007,0
234,CLAUDIA,FULLER,1,Mike,Hillyer,10,39.9,3.9899999999999998,0
256,MABEL,HOLLAND,1,Mike,Hillyer,10,39.9,3.9899999999999998,0
357,KEITH,RICO,2,Jon,Stephens,11,39.890000000000015,3.626363636363638,0
177,SAMANTHA,DUNCAN,2,Jon,Stephens,11,39.89000000000001,3.626363636363637,1
220,CHARLENE,ALVAREZ,1,Mike,Hillyer,11,39.89000000000001,3.626363636363637,0
224,PEARL,GARZA,1,Mike,Hillyer,12,39.88000000000001,3.323333333333334,0
444,MARCUS,HIDALGO,1,Mike,Hillyer,12,39.88000000000001,3.323333333333334,0
579,DARYL,LARUE,1,Mike,Hillyer,12,39.88,3.3233333333333337,1
592,TERRANCE,ROUSH,2,Jon,Stephens,12,39.88,3.3233333333333337,0
598,WADE,DELVALLE,2,Jon,Stephens,12,39.88,3.3233333333333337,0
580,ROSS,GREY,2,Jon,Stephens,13,39.870000000000005,3.0669230769230773,0
283,FELICIA,SUTTON,1,Mike,Hillyer,13,39.87,3.066923076923077,0
121,JOSEPHINE,GOMEZ,1,Mike,Hillyer,10,38.90000000000001,3.8900000000000015,0
227,COLLEEN,BURTON,1,Mike,Hillyer,10,38.90000000000001,3.8900000000000015,0
516,ELMER,NOE,2,Jon,Stephens,10,38.90000000000001,3.8900000000000015,0
545,JULIO,NOLAND,1,Mike,Hillyer,10,38.90000000000001,3.8900000000000015,0
97,ANNIE,RUSSELL,2,Jon,Stephens,10,38.900000000000006,3.8900000000000006,0
474,DUSTIN,GILLETTE,2,Jon,Stephens,10,38.900000000000006,3.8900000000000006,0
479,ZACHARY,HITE,1,Mike,Hillyer,10,38.900000000000006,3.8900000000000006,1
466,LEO,EBERT,2,Jon,Stephens,10,38.9,3.8899999999999997,1
237,TANYA,GILBERT,1,Mike,Hillyer,11,38.890000000000015,3.535454545454547,0
330,SCOTT,SHELLEY,2,Jon,Stephens,11,38.890000000000015,3.535454545454547,0
233,LILLIE,KIM,2,Jon,Stephens,11,38.89000000000001,3.535454545454546,0
530,DARRYL,ASHCRAFT,1,Mike,Hillyer,11,38.89000000000001,3.535454545454546,0
303,WILLIAM,SATTERFIELD,2,Jon,Stephens,11,38.89,3.5354545454545456,0
359,WILLIE,MARKHAM,1,Mike,Hillyer,12,38.88,3.24,0
378,EUGENE,CULPEPPER,1,Mike,Hillyer,10,37.90000000000001,3.7900000000000014,0
25,DEBORAH,WALKER,2,Jon,Stephens,10,37.900000000000006,3.7900000000000005,1
37,PAMELA,BAKER,2,Jon,Stephens,10,37.900000000000006,3.7900000000000005,1
142,APRIL,BURNS,2,Jon,Stephens,10,37.900000000000006,3.7900000000000005,0
192,LAURIE,LAWRENCE,2,Jon,Stephens,10,37.900000000000006,3.7900000000000005,0
211,STACEY,MONTGOMERY,1,Mike,Hillyer,10,37.900000000000006,3.7900000000000005,0
455,JON,WILES,2,Jon,Stephens,10,37.900000000000006,3.7900000000000005,0
394,CHRIS,BROTHERS,1,Mike,Hillyer,10,37.9,3.79,0
228,ALLISON,STANLEY,1,Mike,Hillyer,11,37.89000000000001,3.4445454545454552,0
383,MARTIN,BALES,2,Jon,Stephens,11,37.89,3.444545454545455,0
224,PEARL,GARZA,2,Jon,Stephens,10,36.900000000000006,3.6900000000000004,0
440,BERNARD,COLBY,2,Jon,Stephens,10,36.900000000000006,3.6900000000000004,0
161,GERALDINE,PERKINS,2,Jon,Stephens,10,36.9,3.69,0
182,RENEE,LANE,2,Jon,Stephens,10,36.9,3.69,1
364,BENJAMIN,VARNEY,1,Mike,Hillyer,10,36.9,3.69,1
557,FELIX,GAFFNEY,2,Jon,Stephens,10,36.9,3.69,0
93,PHYLLIS,FOSTER,1,Mike,Hillyer,11,36.89000000000001,3.3536363636363644,1
138,HAZEL,WARREN,2,Jon,Stephens,11,36.89000000000001,3.3536363636363644,0
278,BILLIE,HORTON,2,Jon,Stephens,11,36.89000000000001,3.3536363636363644,1
584,SALVADOR,TEEL,1,Mike,Hillyer,11,36.89000000000001,3.3536363636363644,0
419,CHAD,CARBONE,2,Jon,Stephens,11,36.89,3.3536363636363635,0
445,MICHEAL,FORMAN,2,Jon,Stephens,11,36.89,3.3536363636363635,1
411,NORMAN,CURRIER,2,Jon,Stephens,12,36.88,3.0733333333333337,0
64,JUDITH,COX,2,Jon,Stephens,14,36.86,2.632857142857143,0
392,SEAN,DOUGLASS,1,Mike,Hillyer,10,35.900000000000006,3.5900000000000007,0
68,NICOLE,PETERSON,1,Mike,Hillyer,10,35.9,3.59,0
288,BOBBIE,CRAIG,1,Mike,Hillyer,10,35.9,3.59,1
20,SHARON,ROBINSON,1,Mike,Hillyer,11,35.89,3.2627272727272727,0
142,APRIL,BURNS,1,Mike,Hillyer,12,35.88,2.99,0
473,JORGE,OLIVARES,1,Mike,Hillyer,12,35.88,2.99,0
381,BOBBY,BOUDREAU,1,Mike,Hillyer,12,35.879999999999995,2.9899999999999998,0
207,GERTRUDE,CASTILLO,1,Mike,Hillyer,10,34.900000000000006,3.4900000000000007,0
255,IRMA,PEARSON,1,Mike,Hillyer,10,34.9,3.4899999999999998,1
370,WAYNE,TRUONG,2,Jon,Stephens,10,34.9,3.4899999999999998,0
416,JEFFERY,PINSON,2,Jon,Stephens,11,34.89000000000001,3.1718181818181823,0
9,MARGARET,MOORE,1,Mike,Hillyer,11,34.89,3.171818181818182,0
175,ANNETTE,OLSON,1,Mike,Hillyer,11,34.89,3.171818181818182,0
568,ALBERTO,HENNING,2,Jon,Stephens,11,34.89,3.171818181818182,0
227,COLLEEN,BURTON,2,Jon,Stephens,11,34.88999999999999,3.1718181818181814,0
24,KIMBERLY,LEE,1,Mike,Hillyer,12,34.88,2.9066666666666667,0
74,DENISE,KELLY,1,Mike,Hillyer,10,33.900000000000006,3.3900000000000006,0
461,DEREK,BLAKELY,1,Mike,Hillyer,10,33.900000000000006,3.3900000000000006,0
530,DARRYL,ASHCRAFT,2,Jon,Stephens,10,33.900000000000006,3.3900000000000006,0
116,VICTORIA,GIBSON,1,Mike,Hillyer,11,33.89,3.080909090909091,0
271,PENNY,NEAL,1,Mike,Hillyer,10,32.900000000000006,3.2900000000000005,0
401,TONY,CARRANZA,1,Mike,Hillyer,11,32.89000000000001,2.9900000000000007,1
243,LYDIA,BURKE,1,Mike,Hillyer,11,32.89,2.99,0
132,ESTHER,CRAWFORD,2,Jon,Stephens,12,32.88,2.74,0
361,LAWRENCE,LAWTON,1,Mike,Hillyer,12,32.88,2.74,0
413,MARVIN,YEE,1,Mike,Hillyer,10,31.900000000000006,3.1900000000000004,0
79,RACHEL,BARNES,1,Mike,Hillyer,10,31.900000000000002,3.1900000000000004,1
31,BRENDA,WRIGHT,1,Mike,Hillyer,10,31.9,3.19,0
77,JANE,BENNETT,1,Mike,Hillyer,10,31.9,3.19,0
208,LUCY,WHEELER,1,Mike,Hillyer,10,31.9,3.19,0
250,JO,FOWLER,1,Mike,Hillyer,10,31.9,3.19,0
450,JAY,ROBB,2,Jon,Stephens,10,31.9,3.19,0
570,IVAN,CROMWELL,1,Mike,Hillyer,10,31.9,3.19,0
4,BARBARA,JONES,2,Jon,Stephens,10,31.899999999999995,3.1899999999999995,1
134,EMMA,BOYD,2,Jon,Stephens,11,31.890000000000008,2.89909090909091,0
118,KIM,CRUZ,1,Mike,Hillyer,11,31.890000000000004,2.8990909090909094,0
411,NORMAN,CURRIER,1,Mike,Hillyer,11,31.889999999999997,2.899090909090909,0
177,SAMANTHA,DUNCAN,1,Mike,Hillyer,12,31.880000000000003,2.6566666666666667,0
115,WENDY,HARRISON,2,Jon,Stephens,14,31.86,2.275714285714286,0
6,JENNIFER,DAVIS,2,Jon,Stephens,10,30.900000000000002,3.0900000000000003,0
62,JOAN,COOPER,1,Mike,Hillyer,10,30.899999999999995,3.0899999999999994,0
151,MEGAN,PALMER,2,Jon,Stephens,12,30.880000000000003,2.5733333333333337,0
184,VIVIAN,RUIZ,1,Mike,Hillyer,10,29.900000000000006,2.9900000000000007,0
57,EVELYN,MORGAN,1,Mike,Hillyer,11,29.889999999999997,2.717272727272727,0
53,HEATHER,MORRIS,2,Jon,Stephens,10,28.899999999999995,2.8899999999999997,0
72,THERESA,WATSON,1,Mike,Hillyer,11,28.889999999999997,2.626363636363636,0
563,KEN,PREWITT,1,Mike,Hillyer,10,27.9,2.79,0
543,LANCE,PEMBERTON,1,Mike,Hillyer,10,26.9,2.69,0
252,MATTIE,HOFFMAN,2,Jon,Stephens,10,22.9,2.29,0
288,BOBBIE,CRAIG,2,Jon,Stephens,10,22.9,2.29,0
350,JUAN,FRALEY,1,Mike,Hillyer,10,21.899999999999995,2.1899999999999995,0
557,FELIX,GAFFNEY,1,Mike,Hillyer,11,21.89,1.99,0
