c01,c02,c03,c04,c05
123001,Oliver,"200-1, Emeryville",CA,1897614000
123002,George,"201-2, New Brighton",MN,1897614137
123003,Harry,"202-3, Walnut Creek",NY,1897614274
123004,Jack,"203-4, Concord",TX,1897614411
123005,Jacob,"204-5, Mission Dist",WA,1897614548
123006,Noah,"205-6, Saint Paul",IL,1897614685
123007,Charlie,"206-7, Richfield",AZ,1897614822
123008,Robin,"207-8, Brooklyn",FL,1897614959
123009,Amelia,"208-9, Emeryville",CA,1897615096
123010,Sophia,"209-1, New Brighton",MN,1897615233
123011,Mia,"210-2, Walnut Creek",NY,1897615370
123012,Isabella,"211-3, Concord",TX,1897615507
123013,Lucas,"212-4, Mission Dist",WA,1897615644
123014,Mason,"213-5, Saint Paul",IL,1897615781
123015,Ethan,"214-6, Richfield",AZ,1897615918
123016,Logan,"215-7, Brooklyn",FL,1897616055
123017,Ava,"216-8, Emeryville",CA,1897616192
123018,Emma,"217-9, New Brighton",MN,1897616329
123019,Liam,"218-1, Walnut Creek",NY,1897616466
123020,James,"219-2, Concord",TX,1897616603
123021,Henry,"220-3, Mission Dist",WA,1897616740
123022,Leo,"221-4, Saint Paul",IL,1897616877
123023,Oscar,"222-5, Richfield",AZ,1897617014
123024,Grace,"223-6, Brooklyn",FL,1897617151
123025,Emily,"224-7, Emeryville",CA,1897617288
123026,Lily,"225-8, New Brighton",MN,1897617425
123027,Ella,"226-9, Walnut Creek",NY,1897617562
123028,Chloe,"227-1, Concord",TX,1897617699
123029,Daniel,"228-2, Mission Dist",WA,1897617836
123030,Adam,"229-3, Saint Paul",IL,1897617973
123031,Mark,"230-4, Richfield",AZ,1897618110
123032,Dylan,"231-5, Brooklyn",FL,1897618247
123033,Ryan,"232-6, Emeryville",CA,1897618384
123034,Alex,"233-7, New Brighton",MN,1897618521
123035,Nora,"234-8, Walnut Creek",NY,1897618658
123036,Zoe,"235-9, Concord",TX,1897618795
123037,Sarah,"236-1, Mission Dist",WA,1897618932
123038,Eva,"237-2, Saint Paul",IL,1897619069
123039,Max,"238-3, Richfield",AZ,1897619206
123040,Aaron,"239-4, Brooklyn",FL,1897619343
123041,David,"240-5, Emeryville",CA,1897619480
123042,Molly,"241-6, New Brighton",MN,1897619617
123043,Julia,"242-7, Walnut Creek",NY,1897619754
123044,Alice,"243-8, Concord",TX,1897619891
123045,Peter,"244-9, Mission Dist",WA,1897620028
123046,Thomas,"245-1, Saint Paul",IL,1897620165
123047,Ivy,"246-2, Richfield",AZ,1897620302
123048,Ruby,"247-3, Brooklyn",FL,1897620439
123049,Finn,"248-4, Emeryville",CA,1897620576
123050,Owen,"249-5, New Brighton",MN,1897620713
