customer_id,payment_id,amount,payment_date
60,1670,9.98,2006-02-14 15:16:03.000
75,2059,8.97,2006-02-14 15:16:03.000
103,2799,8.99,2005-08-23 22:43:07.000
526,14180,9.99,2005-08-23 22:21:03.000
195,5280,11.99,2005-08-23 22:19:33.000
137,3719,9.99,2005-08-23 21:56:04.000
311,8454,8.99,2005-08-23 21:34:33.000
389,10554,9.99,2005-08-23 21:11:33.000
536,14451,8.99,2005-08-23 20:08:18.000
210,5718,8.99,2005-08-23 18:48:40.000
424,11478,9.99,2005-08-23 18:46:44.000
327,8849,9.99,2005-08-23 17:56:01.000
57,1592,9.99,2005-08-23 16:24:24.000
128,3469,8.99,2005-08-23 15:25:27.000
537,14476,8.99,2005-08-23 15:21:35.000
311,8453,9.99,2005-08-23 15:15:02.000
45,1254,10.99,2005-08-23 14:47:26.000
412,11168,8.99,2005-08-23 13:41:05.000
173,4716,8.99,2005-08-23 13:25:44.000
147,4010,8.99,2005-08-23 11:32:35.000
504,13603,8.99,2005-08-23 11:17:26.000
322,8722,8.99,2005-08-23 10:23:48.000
506,13660,9.99,2005-08-23 10:02:46.000
112,3027,8.99,2005-08-23 09:46:33.000
346,9365,8.99,2005-08-23 08:52:03.000
80,2193,8.99,2005-08-23 08:27:57.000
66,1822,8.99,2005-08-23 06:23:26.000
567,15208,10.99,2005-08-23 06:18:43.000
599,16047,8.99,2005-08-23 06:09:44.000
76,2084,10.99,2005-08-23 05:17:23.000
469,12688,9.99,2005-08-23 05:02:31.000
108,2930,8.99,2005-08-23 04:52:16.000
197,5355,8.99,2005-08-23 04:12:52.000
163,4447,8.99,2005-08-23 03:30:45.000
209,5687,9.99,2005-08-23 02:51:27.000
550,14776,9.99,2005-08-23 00:26:47.000
259,7009,10.99,2005-08-23 00:05:57.000
204,5550,11.99,2005-08-22 23:48:56.000
293,7950,8.99,2005-08-22 23:17:41.000
103,2794,8.99,2005-08-22 23:13:10.000
148,4055,8.99,2005-08-22 22:26:13.000
340,9214,9.99,2005-08-22 22:25:17.000
448,12110,9.99,2005-08-22 21:29:14.000
390,10586,8.99,2005-08-22 19:44:59.000
404,10940,10.99,2005-08-22 19:28:02.000
54,1511,10.99,2005-08-22 17:20:17.000
139,3778,9.99,2005-08-22 16:59:05.000
301,8186,10.99,2005-08-22 16:24:42.000
494,13328,9.99,2005-08-22 14:29:11.000
237,6416,8.99,2005-08-22 13:38:11.000
221,6002,8.99,2005-08-22 12:53:22.000
336,9094,10.99,2005-08-22 11:01:15.000
564,15125,8.99,2005-08-22 10:22:00.000
439,11860,9.99,2005-08-22 09:51:54.000
277,7525,10.99,2005-08-22 08:24:32.000
542,14594,9.99,2005-08-22 07:20:55.000
128,3467,8.99,2005-08-22 05:16:16.000
569,15258,8.99,2005-08-22 04:20:55.000
15,413,8.99,2005-08-22 03:23:41.000
187,5098,8.99,2005-08-22 02:27:32.000
116,3146,11.99,2005-08-21 23:34:00.000
362,9803,11.99,2005-08-21 23:28:58.000
300,8163,9.99,2005-08-21 21:07:59.000
345,9334,10.99,2005-08-21 21:00:03.000
3,83,8.99,2005-08-21 20:50:48.000
342,9267,8.99,2005-08-21 20:27:44.000
544,14635,8.99,2005-08-21 19:31:09.000
36,1009,9.99,2005-08-21 19:15:33.000
171,4654,9.99,2005-08-21 18:06:32.000
468,12645,9.99,2005-08-21 18:03:51.000
159,4343,8.99,2005-08-21 16:51:34.000
374,10145,8.99,2005-08-21 15:05:27.000
150,4107,9.99,2005-08-21 15:00:49.000
16,446,8.99,2005-08-21 14:45:34.000
547,14707,9.99,2005-08-21 14:44:41.000
367,9939,10.99,2005-08-21 13:41:14.000
120,3251,9.99,2005-08-21 12:48:48.000
121,3275,9.99,2005-08-21 11:02:09.000
238,6438,8.99,2005-08-21 08:40:21.000
457,12353,10.99,2005-08-21 08:18:18.000
155,4229,8.99,2005-08-21 08:10:56.000
468,12643,9.99,2005-08-21 07:44:17.000
388,10525,10.99,2005-08-21 06:26:48.000
324,8775,8.99,2005-08-21 06:08:13.000
13,355,9.99,2005-08-21 05:44:07.000
26,714,8.99,2005-08-21 03:37:42.000
21,574,8.99,2005-08-20 23:24:07.000
581,15584,8.99,2005-08-20 22:56:34.000
197,5351,9.99,2005-08-20 22:51:25.000
372,10082,9.99,2005-08-20 21:35:58.000
200,5439,10.99,2005-08-20 21:31:52.000
37,1028,8.99,2005-08-20 21:19:36.000
87,2383,10.99,2005-08-20 21:13:58.000
170,4627,8.99,2005-08-20 21:08:49.000
459,12409,10.99,2005-08-20 18:16:26.000
93,2547,8.99,2005-08-20 17:58:00.000
529,14254,9.99,2005-08-20 17:44:32.000
187,5097,8.99,2005-08-20 17:28:57.000
57,1590,9.99,2005-08-20 17:13:48.000
565,15153,8.99,2005-08-20 17:05:34.000
207,5627,9.99,2005-08-20 16:32:10.000
372,10081,8.99,2005-08-20 15:10:13.000
591,15843,9.99,2005-08-20 15:05:42.000
563,15097,9.99,2005-08-20 14:57:50.000
207,5626,8.99,2005-08-20 12:56:03.000
19,510,8.99,2005-08-20 12:46:32.000
196,5312,8.99,2005-08-20 12:36:42.000
209,5684,8.99,2005-08-20 12:32:32.000
255,6887,8.99,2005-08-20 11:21:26.000
77,2110,9.99,2005-08-20 11:17:45.000
32,903,8.99,2005-08-20 10:31:23.000
415,11235,8.99,2005-08-20 10:17:08.000
19,509,8.99,2005-08-20 09:53:44.000
363,9830,9.99,2005-08-20 09:32:56.000
265,7176,8.99,2005-08-20 09:26:17.000
21,572,9.99,2005-08-20 09:26:14.000
454,12274,8.99,2005-08-20 09:13:23.000
240,6497,8.99,2005-08-20 08:12:33.000
129,3498,10.99,2005-08-20 07:54:54.000
322,8719,9.99,2005-08-20 07:49:06.000
464,12537,8.99,2005-08-20 07:46:30.000
329,8903,8.99,2005-08-20 06:59:00.000
63,1730,8.99,2005-08-20 06:51:02.000
526,14175,8.99,2005-08-20 06:35:30.000
201,5463,9.99,2005-08-20 06:23:53.000
112,3021,8.99,2005-08-20 06:20:42.000
56,1559,8.99,2005-08-20 04:17:16.000
569,15255,9.99,2005-08-20 04:08:39.000
206,5591,9.99,2005-08-20 03:58:51.000
274,7427,8.99,2005-08-20 03:58:41.000
62,1703,8.99,2005-08-20 02:27:13.000
454,12272,8.99,2005-08-20 01:42:29.000
266,7202,8.99,2005-08-20 00:56:44.000
21,571,8.99,2005-08-20 00:50:54.000
421,11393,9.99,2005-08-20 00:49:04.000
102,2766,9.99,2005-08-19 22:57:25.000
3,81,8.99,2005-08-19 22:18:07.000
409,11081,8.99,2005-08-19 22:03:22.000
434,11713,9.99,2005-08-19 21:04:49.000
214,5823,9.99,2005-08-19 20:44:00.000
562,15068,10.99,2005-08-19 20:28:48.000
15,406,8.99,2005-08-19 20:18:36.000
531,14305,8.99,2005-08-19 18:46:56.000
516,13908,8.99,2005-08-19 17:53:42.000
242,6561,9.99,2005-08-19 17:42:06.000
206,5590,10.99,2005-08-19 17:26:55.000
150,4102,8.99,2005-08-19 16:54:12.000
289,7838,9.99,2005-08-19 16:54:12.000
267,7237,9.99,2005-08-19 16:18:24.000
280,7604,9.99,2005-08-19 16:12:49.000
526,14173,8.99,2005-08-19 15:52:13.000
460,12434,8.99,2005-08-19 15:35:38.000
381,10335,8.99,2005-08-19 14:58:30.000
532,14332,8.99,2005-08-19 14:30:06.000
368,9967,8.99,2005-08-19 14:27:16.000
472,12772,8.99,2005-08-19 14:27:03.000
456,12323,8.99,2005-08-19 12:45:55.000
480,12975,9.99,2005-08-19 12:08:13.000
274,7426,8.99,2005-08-19 12:05:04.000
550,14771,10.99,2005-08-19 11:27:32.000
436,11766,9.99,2005-08-19 10:55:19.000
479,12954,8.99,2005-08-19 10:16:43.000
341,9233,8.99,2005-08-19 10:06:53.000
22,593,9.99,2005-08-19 09:43:25.000
140,3796,10.99,2005-08-19 09:31:48.000
502,13541,9.99,2005-08-19 09:31:42.000
462,12495,8.99,2005-08-19 09:05:38.000
168,4574,8.99,2005-08-19 08:04:50.000
512,13796,8.99,2005-08-19 06:12:44.000
410,11111,8.99,2005-08-19 06:05:58.000
589,15785,8.99,2005-08-19 05:18:20.000
422,11414,9.99,2005-08-19 04:16:13.000
99,2686,8.99,2005-08-19 02:50:36.000
365,9878,8.99,2005-08-19 00:33:15.000
462,12494,8.99,2005-08-19 00:27:41.000
202,5490,8.99,2005-08-19 00:27:19.000
298,8099,8.99,2005-08-18 23:21:50.000
470,12718,10.99,2005-08-18 22:37:39.000
292,7917,10.99,2005-08-18 22:15:18.000
416,11263,8.99,2005-08-18 21:33:53.000
285,7730,9.99,2005-08-18 19:57:39.000
385,10440,8.99,2005-08-18 19:55:09.000
545,14655,10.99,2005-08-18 19:11:45.000
172,4680,8.99,2005-08-18 18:11:39.000
404,10932,8.99,2005-08-18 14:47:28.000
394,10690,9.99,2005-08-18 13:22:25.000
584,15657,8.99,2005-08-18 13:19:13.000
187,5095,9.99,2005-08-18 12:48:45.000
515,13882,8.99,2005-08-18 12:42:50.000
446,12053,8.99,2005-08-18 12:26:43.000
78,2134,8.99,2005-08-18 12:10:03.000
297,8073,10.99,2005-08-18 11:58:48.000
186,5062,8.99,2005-08-18 10:42:52.000
467,12604,9.99,2005-08-18 10:42:43.000
319,8649,8.99,2005-08-18 10:16:57.000
470,12717,8.99,2005-08-18 10:14:52.000
32,902,9.99,2005-08-18 09:50:40.000
210,5710,8.99,2005-08-18 09:45:33.000
347,9392,10.99,2005-08-18 09:13:42.000
371,10045,9.99,2005-08-18 09:12:52.000
40,1116,9.99,2005-08-18 09:11:23.000
566,15184,8.99,2005-08-18 08:32:33.000
367,9935,8.99,2005-08-18 08:07:25.000
131,3551,9.99,2005-08-18 08:04:35.000
7,201,8.99,2005-08-18 07:57:14.000
336,9088,8.99,2005-08-18 06:36:22.000
180,4906,8.99,2005-08-18 06:07:31.000
187,5094,8.99,2005-08-18 05:48:23.000
4,101,8.99,2005-08-18 05:14:44.000
58,1611,8.99,2005-08-18 05:08:54.000
575,15416,8.99,2005-08-18 05:05:28.000
485,13111,8.99,2005-08-18 04:16:06.000
87,2379,8.99,2005-08-18 04:11:03.000
231,6238,8.99,2005-08-18 03:11:04.000
19,507,9.99,2005-08-18 02:31:18.000
437,11791,8.99,2005-08-18 02:21:08.000
184,5011,9.99,2005-08-18 00:57:06.000
24,650,8.99,2005-08-18 00:53:37.000
5,137,9.99,2005-08-18 00:10:04.000
375,10170,9.99,2005-08-17 23:20:45.000
61,1681,9.99,2005-08-17 21:50:25.000
540,14547,8.99,2005-08-17 21:07:41.000
263,7119,9.99,2005-08-17 21:04:35.000
536,14448,8.99,2005-08-17 20:57:02.000
285,7727,8.99,2005-08-17 20:01:12.000
554,14865,8.99,2005-08-17 19:17:54.000
499,13454,8.99,2005-08-17 18:56:53.000
136,3674,10.99,2005-08-17 18:27:22.000
190,5168,9.99,2005-08-17 17:13:16.000
67,1838,8.99,2005-08-17 15:15:01.000
512,13795,9.99,2005-08-17 12:22:04.000
448,12103,9.99,2005-08-17 11:21:43.000
244,6613,9.99,2005-08-17 09:48:06.000
533,14364,8.99,2005-08-17 09:33:02.000
347,9390,8.99,2005-08-17 08:45:55.000
535,14415,8.99,2005-08-17 08:40:55.000
121,3267,8.99,2005-08-17 07:46:54.000
27,743,8.99,2005-08-17 05:25:57.000
256,6909,8.99,2005-08-17 04:27:18.000
168,4570,10.99,2005-08-17 04:25:47.000
448,12102,8.99,2005-08-17 03:36:52.000
272,7362,8.99,2005-08-17 03:02:56.000
554,14863,9.99,2005-08-17 02:28:22.000
19,505,8.99,2005-08-16 23:27:36.000
526,14169,10.99,2005-08-16 23:10:34.000
349,9453,8.99,2005-08-02 22:46:47.000
237,6409,11.99,2005-08-02 22:18:13.000
592,15866,8.99,2005-08-02 19:29:01.000
60,1662,8.99,2005-08-02 19:12:40.000
403,10900,9.99,2005-08-02 18:40:12.000
148,4041,10.99,2005-08-02 17:42:49.000
200,5437,8.99,2005-08-02 17:42:40.000
67,1837,8.99,2005-08-02 15:10:06.000
585,15684,9.99,2005-08-02 14:44:02.000
70,1901,9.99,2005-08-02 14:24:08.000
244,6612,9.99,2005-08-02 14:09:08.000
531,14302,10.99,2005-08-02 14:05:42.000
468,12636,10.99,2005-08-02 13:45:05.000
543,14612,9.99,2005-08-02 13:29:24.000
8,224,9.99,2005-08-02 13:04:12.000
65,1781,8.99,2005-08-02 12:48:05.000
407,11020,8.99,2005-08-02 12:19:50.000
126,3403,9.99,2005-08-02 11:42:40.000
410,11108,10.99,2005-08-02 11:16:19.000
580,15553,8.99,2005-08-02 10:10:56.000
372,10075,10.99,2005-08-02 09:19:22.000
489,13199,9.99,2005-08-02 08:44:44.000
371,10044,10.99,2005-08-02 07:38:44.000
211,5740,8.99,2005-08-02 07:24:47.000
85,2320,8.99,2005-08-02 07:03:24.000
45,1246,8.99,2005-08-02 05:04:18.000
180,4905,8.99,2005-08-02 04:41:17.000
487,13159,9.99,2005-08-02 04:12:27.000
260,7034,8.99,2005-08-02 04:06:46.000
78,2133,10.99,2005-08-02 03:16:31.000
445,12013,9.99,2005-08-02 02:55:04.000
288,7804,9.99,2005-08-02 02:31:15.000
540,14543,8.99,2005-08-02 02:20:19.000
199,5411,8.99,2005-08-01 23:53:45.000
280,7599,9.99,2005-08-01 23:49:33.000
127,3427,10.99,2005-08-01 21:35:01.000
565,15142,10.99,2005-08-01 20:59:58.000
460,12428,10.99,2005-08-01 20:12:33.000
147,3998,8.99,2005-08-01 20:08:49.000
508,13703,8.99,2005-08-01 19:58:49.000
368,9962,8.99,2005-08-01 19:21:42.000
594,15923,8.99,2005-08-01 18:38:02.000
80,2183,8.99,2005-08-01 18:05:54.000
10,271,8.99,2005-08-01 17:09:59.000
559,14980,8.99,2005-08-01 17:03:28.000
340,9202,8.99,2005-08-01 16:58:22.000
242,6554,9.99,2005-08-01 16:18:45.000
39,1092,9.99,2005-08-01 15:44:43.000
476,12879,9.99,2005-08-01 15:05:52.000
420,11366,10.99,2005-08-01 14:25:40.000
174,4733,8.99,2005-08-01 13:02:58.000
106,2866,8.99,2005-08-01 09:01:40.000
12,324,10.99,2005-08-01 06:50:26.000
529,14247,10.99,2005-08-01 05:53:49.000
451,12177,8.99,2005-08-01 05:01:46.000
123,3328,8.99,2005-08-01 03:53:49.000
273,7389,8.99,2005-08-01 03:14:34.000
86,2345,8.99,2005-08-01 02:39:39.000
189,5143,9.99,2005-08-01 02:34:06.000
345,9329,8.99,2005-08-01 01:04:28.000
106,2864,8.99,2005-08-01 01:03:18.000
377,10219,8.99,2005-08-01 00:08:01.000
426,11522,10.99,2005-07-31 23:29:51.000
484,13076,8.99,2005-07-31 23:22:20.000
196,5306,10.99,2005-07-31 21:29:28.000
170,4620,9.99,2005-07-31 20:49:10.000
19,503,9.99,2005-07-31 20:01:06.000
230,6208,9.99,2005-07-31 19:20:18.000
437,11788,8.99,2005-07-31 18:00:28.000
363,9826,8.99,2005-07-31 16:58:42.000
138,3738,9.99,2005-07-31 15:49:40.000
538,14497,8.99,2005-07-31 15:29:00.000
311,8446,8.99,2005-07-31 13:53:33.000
573,15353,10.99,2005-07-31 12:14:19.000
595,15947,10.99,2005-07-31 11:51:46.000
272,7359,10.99,2005-07-31 10:26:19.000
75,2047,9.99,2005-07-31 10:15:46.000
317,8598,8.99,2005-07-31 09:52:40.000
582,15601,9.99,2005-07-31 09:48:41.000
315,8547,9.99,2005-07-31 08:57:49.000
380,10293,10.99,2005-07-31 08:05:31.000
295,8004,8.99,2005-07-31 07:11:04.000
50,1379,10.99,2005-07-31 07:09:55.000
406,10998,8.99,2005-07-31 06:03:17.000
282,7646,9.99,2005-07-31 06:00:52.000
441,11904,10.99,2005-07-31 05:40:35.000
576,15443,8.99,2005-07-31 04:19:18.000
424,11467,8.99,2005-07-31 00:40:58.000
549,14740,9.99,2005-07-31 00:25:05.000
528,14221,8.99,2005-07-30 23:42:42.000
59,1635,8.99,2005-07-30 22:56:34.000
202,5485,8.99,2005-07-30 22:45:34.000
220,5961,10.99,2005-07-30 22:20:29.000
477,12899,8.99,2005-07-30 21:53:01.000
479,12946,8.99,2005-07-30 21:38:12.000
484,13074,9.99,2005-07-30 20:46:02.000
536,14442,8.99,2005-07-30 20:38:22.000
585,15680,8.99,2005-07-30 20:25:24.000
495,13344,9.99,2005-07-30 19:27:05.000
17,460,8.99,2005-07-30 19:23:44.000
302,8204,8.99,2005-07-30 19:10:03.000
454,12268,9.99,2005-07-30 19:04:30.000
87,2375,8.99,2005-07-30 18:44:44.000
181,4929,8.99,2005-07-30 18:37:00.000
579,15520,9.99,2005-07-30 18:20:08.000
436,11756,9.99,2005-07-30 18:13:51.000
552,14817,8.99,2005-07-30 18:09:56.000
333,9002,10.99,2005-07-30 18:03:13.000
232,6260,10.99,2005-07-30 17:44:24.000
373,10102,8.99,2005-07-30 17:31:03.000
82,2234,8.99,2005-07-30 16:45:56.000
497,13394,9.99,2005-07-30 15:05:36.000
13,343,9.99,2005-07-30 14:38:22.000
23,619,9.99,2005-07-30 14:26:46.000
2,44,10.99,2005-07-30 13:47:43.000
276,7481,8.99,2005-07-30 13:38:17.000
105,2840,9.99,2005-07-30 12:56:44.000
448,12101,10.99,2005-07-30 11:58:50.000
25,672,8.99,2005-07-30 10:12:01.000
125,3370,9.99,2005-07-30 09:51:21.000
473,12798,8.99,2005-07-30 09:26:08.000
371,10042,8.99,2005-07-30 09:20:59.000
17,458,8.99,2005-07-30 08:30:56.000
40,1109,8.99,2005-07-30 06:59:55.000
46,1271,8.99,2005-07-30 06:36:57.000
203,5507,10.99,2005-07-30 05:21:32.000
166,4505,8.99,2005-07-30 05:12:01.000
292,7913,8.99,2005-07-30 04:41:42.000
121,3265,8.99,2005-07-30 04:00:19.000
544,14628,9.99,2005-07-30 03:46:26.000
550,14762,8.99,2005-07-30 03:35:49.000
336,9084,8.99,2005-07-30 03:18:24.000
11,292,9.99,2005-07-30 03:17:13.000
446,12048,9.99,2005-07-30 02:08:25.000
337,9112,8.99,2005-07-30 01:57:03.000
418,11306,10.99,2005-07-30 00:36:31.000
382,10355,9.99,2005-07-30 00:12:41.000
90,2454,9.99,2005-07-30 00:08:08.000
216,5868,8.99,2005-07-29 23:44:43.000
445,12007,8.99,2005-07-29 23:26:19.000
295,8001,9.99,2005-07-29 22:55:38.000
372,10073,8.99,2005-07-29 22:49:00.000
13,342,11.99,2005-07-29 22:37:41.000
173,4707,8.99,2005-07-29 22:33:34.000
245,6642,10.99,2005-07-29 21:46:21.000
209,5676,8.99,2005-07-29 19:22:37.000
346,9352,8.99,2005-07-29 18:25:03.000
179,4877,8.99,2005-07-29 18:23:57.000
341,9228,9.99,2005-07-29 18:12:49.000
401,10844,8.99,2005-07-29 17:58:58.000
345,9326,8.99,2005-07-29 16:44:48.000
185,5035,8.99,2005-07-29 16:16:33.000
513,13820,9.99,2005-07-29 16:15:43.000
84,2287,8.99,2005-07-29 15:04:27.000
392,10628,9.99,2005-07-29 13:28:20.000
181,4926,9.99,2005-07-29 13:03:31.000
423,11440,9.99,2005-07-29 12:47:43.000
114,3078,10.99,2005-07-29 12:32:20.000
131,3542,8.99,2005-07-29 11:40:08.000
459,12397,10.99,2005-07-29 11:19:59.000
49,1347,10.99,2005-07-29 11:15:36.000
447,12069,8.99,2005-07-29 10:44:54.000
561,15037,10.99,2005-07-29 09:20:16.000
467,12598,8.99,2005-07-29 08:44:46.000
354,9573,8.99,2005-07-29 08:40:36.000
470,12706,8.99,2005-07-29 08:39:12.000
486,13130,8.99,2005-07-29 07:06:21.000
37,1020,9.99,2005-07-29 06:54:48.000
412,11158,8.99,2005-07-29 06:44:23.000
504,13592,9.99,2005-07-29 06:02:11.000
210,5706,8.99,2005-07-29 04:20:42.000
412,11157,8.99,2005-07-29 04:09:07.000
238,6428,8.99,2005-07-29 03:25:56.000
459,12396,9.99,2005-07-29 02:23:24.000
407,11016,9.99,2005-07-28 23:04:10.000
509,13721,8.99,2005-07-28 19:14:06.000
541,14561,8.99,2005-07-28 19:14:00.000
436,11755,9.99,2005-07-28 18:32:49.000
506,13644,9.99,2005-07-28 18:32:46.000
533,14354,8.99,2005-07-28 18:29:16.000
343,9285,9.99,2005-07-28 18:23:49.000
17,456,8.99,2005-07-28 17:45:58.000
182,4965,8.99,2005-07-28 16:50:26.000
137,3696,8.99,2005-07-28 16:11:15.000
377,10214,10.99,2005-07-28 15:36:48.000
443,11955,9.99,2005-07-28 14:36:52.000
237,6398,8.99,2005-07-28 13:21:16.000
589,15778,9.99,2005-07-28 13:06:16.000
332,8972,8.99,2005-07-28 12:33:10.000
480,12966,9.99,2005-07-28 11:44:56.000
477,12895,10.99,2005-07-28 11:25:39.000
389,10540,8.99,2005-07-28 11:00:58.000
577,15469,8.99,2005-07-28 10:24:22.000
86,2341,10.99,2005-07-28 10:21:52.000
101,2720,8.99,2005-07-28 10:08:01.000
148,4029,9.99,2005-07-28 10:07:04.000
299,8124,9.99,2005-07-28 10:02:25.000
423,11438,9.99,2005-07-28 09:30:02.000
440,11874,9.99,2005-07-28 07:58:17.000
510,13748,9.99,2005-07-28 07:28:03.000
462,12481,8.99,2005-07-28 06:34:23.000
220,5957,9.99,2005-07-28 05:55:30.000
285,7721,9.99,2005-07-28 05:46:28.000
49,1346,8.99,2005-07-28 05:33:16.000
82,2230,9.99,2005-07-28 05:04:47.000
284,7695,8.99,2005-07-28 04:33:15.000
124,3346,8.99,2005-07-28 03:54:14.000
510,13747,8.99,2005-07-28 02:58:16.000
542,14586,8.99,2005-07-28 02:49:41.000
443,11954,8.99,2005-07-28 02:37:22.000
88,2399,8.99,2005-07-28 00:34:06.000
360,9723,9.99,2005-07-27 23:23:31.000
28,764,9.99,2005-07-27 23:07:40.000
332,8970,8.99,2005-07-27 22:56:07.000
494,13310,8.99,2005-07-27 21:50:09.000
423,11437,9.99,2005-07-27 21:39:42.000
594,15916,8.99,2005-07-27 21:24:33.000
221,5988,8.99,2005-07-27 21:19:34.000
426,11517,10.99,2005-07-27 21:14:28.000
228,6152,8.99,2005-07-27 20:37:19.000
527,14191,8.99,2005-07-27 20:28:34.000
3,69,10.99,2005-07-27 20:23:12.000
587,15720,8.99,2005-07-27 20:16:59.000
255,6878,8.99,2005-07-27 19:07:43.000
564,15108,10.99,2005-07-27 19:01:03.000
240,6487,8.99,2005-07-27 18:51:54.000
285,7720,9.99,2005-07-27 18:26:39.000
438,11814,8.99,2005-07-27 15:20:57.000
251,6772,8.99,2005-07-27 14:13:34.000
462,12479,8.99,2005-07-27 12:38:47.000
218,5911,8.99,2005-07-27 10:09:39.000
325,8788,9.99,2005-07-27 09:42:27.000
79,2157,9.99,2005-07-27 09:35:54.000
591,15825,8.99,2005-07-27 05:53:50.000
551,14791,9.99,2005-07-27 04:51:15.000
58,1602,9.99,2005-07-27 03:52:27.000
233,6281,8.99,2005-07-27 03:46:27.000
380,10285,8.99,2005-07-27 02:26:38.000
524,14108,8.99,2005-07-27 02:14:40.000
239,6457,8.99,2005-07-27 02:01:03.000
264,7138,8.99,2005-07-27 01:42:20.000
307,8343,10.99,2005-07-27 01:03:06.000
579,15515,8.99,2005-07-27 00:23:54.000
45,1241,9.99,2005-07-27 00:15:35.000
181,4922,8.99,2005-07-26 23:40:07.000
393,10655,8.99,2005-07-26 23:00:01.000
508,13693,8.99,2005-07-26 22:59:19.000
470,12703,10.99,2005-07-26 22:56:00.000
502,13525,8.99,2005-07-26 22:51:53.000
490,13222,8.99,2005-07-12 22:40:48.000
483,13044,9.99,2005-07-12 21:44:16.000
542,14585,9.99,2005-07-12 21:00:23.000
346,9347,8.99,2005-07-12 20:46:35.000
479,12942,8.99,2005-07-12 19:29:19.000
63,1716,8.99,2005-07-12 19:22:37.000
533,14352,9.99,2005-07-12 18:59:45.000
220,5956,8.99,2005-07-12 18:51:41.000
153,4167,9.99,2005-07-12 18:20:54.000
599,16038,9.99,2005-07-12 17:03:56.000
148,4026,10.99,2005-07-12 16:37:55.000
571,15300,8.99,2005-07-12 16:37:28.000
144,3894,9.99,2005-07-12 16:35:07.000
502,13523,8.99,2005-07-12 15:16:00.000
546,14670,9.99,2005-07-12 15:13:49.000
226,6095,9.99,2005-07-12 13:24:47.000
571,15299,8.99,2005-07-12 11:53:40.000
50,1372,8.99,2005-07-12 11:36:22.000
148,4025,8.99,2005-07-12 10:27:19.000
562,15059,8.99,2005-07-12 08:08:50.000
273,7379,8.99,2005-07-12 07:19:35.000
136,3671,8.99,2005-07-12 06:50:52.000
376,10186,8.99,2005-07-12 04:56:30.000
73,1977,9.99,2005-07-12 03:47:44.000
169,4591,9.99,2005-07-12 02:20:09.000
558,14948,9.99,2005-07-12 01:49:00.000
293,7937,9.99,2005-07-12 00:09:41.000
342,9243,8.99,2005-07-12 00:02:50.000
359,9692,9.99,2005-07-11 23:49:37.000
84,2284,9.99,2005-07-11 23:27:52.000
140,3786,9.99,2005-07-11 23:02:19.000
482,13019,8.99,2005-07-11 20:56:29.000
264,7134,8.99,2005-07-11 19:46:05.000
471,12731,8.99,2005-07-11 19:30:13.000
66,1804,8.99,2005-07-11 17:12:42.000
357,9647,8.99,2005-07-11 17:01:52.000
292,7905,8.99,2005-07-11 15:59:10.000
177,4806,9.99,2005-07-11 13:13:45.000
47,1299,9.99,2005-07-11 09:31:04.000
13,336,8.99,2005-07-11 07:43:08.000
117,3154,9.99,2005-07-11 05:52:50.000
5,122,8.99,2005-07-11 03:17:04.000
505,13613,9.99,2005-07-11 00:16:35.000
433,11672,8.99,2005-07-11 00:03:22.000
215,5842,8.99,2005-07-11 00:02:19.000
258,6964,9.99,2005-07-10 22:11:04.000
535,14407,8.99,2005-07-10 20:00:25.000
575,15403,8.99,2005-07-10 19:06:47.000
364,9845,10.99,2005-07-10 18:54:05.000
321,8683,8.99,2005-07-10 18:39:01.000
482,13017,8.99,2005-07-10 15:22:04.000
532,14315,8.99,2005-07-10 15:08:41.000
520,13996,10.99,2005-07-10 15:02:17.000
319,8635,8.99,2005-07-10 14:16:22.000
44,1215,8.99,2005-07-10 14:08:49.000
86,2338,8.99,2005-07-10 12:27:38.000
305,8279,8.99,2005-07-10 12:10:11.000
297,8057,8.99,2005-07-10 11:57:38.000
187,5085,8.99,2005-07-10 11:50:51.000
265,7161,9.99,2005-07-10 10:32:52.000
300,8144,10.99,2005-07-10 10:09:17.000
285,7713,9.99,2005-07-10 08:52:13.000
50,1369,9.99,2005-07-10 08:48:39.000
508,13689,9.99,2005-07-10 07:33:43.000
407,11010,9.99,2005-07-10 04:23:11.000
163,4431,10.99,2005-07-10 03:54:38.000
71,1918,8.99,2005-07-10 02:48:03.000
573,15349,9.99,2005-07-10 01:46:29.000
451,12175,8.99,2005-07-10 01:15:11.000
29,793,10.99,2005-07-09 21:55:19.000
7,188,8.99,2005-07-09 21:52:05.000
475,12846,9.99,2005-07-09 20:30:03.000
144,3890,8.99,2005-07-09 18:52:08.000
279,7563,9.99,2005-07-09 18:15:32.000
289,7823,8.99,2005-07-09 17:20:03.000
282,7637,8.99,2005-07-09 16:17:44.000
32,889,9.99,2005-07-09 15:57:15.000
309,8391,8.99,2005-07-09 15:55:36.000
149,4071,10.99,2005-07-09 15:36:17.000
222,6010,8.99,2005-07-09 11:22:39.000
59,1630,8.99,2005-07-09 10:39:31.000
488,13170,8.99,2005-07-09 08:05:14.000
538,14485,8.99,2005-07-09 07:53:22.000
30,826,9.99,2005-07-09 06:44:30.000
178,4834,10.99,2005-07-09 05:59:47.000
566,15164,9.99,2005-07-09 05:20:40.000
81,2201,9.99,2005-07-09 00:34:16.000
100,2696,8.99,2005-07-08 23:54:29.000
434,11701,10.99,2005-07-08 23:27:16.000
346,9342,8.99,2005-07-08 23:19:52.000
215,5840,8.99,2005-07-08 22:36:06.000
415,11219,8.99,2005-07-08 22:01:48.000
180,4895,9.99,2005-07-08 21:55:25.000
368,9953,8.99,2005-07-08 21:27:48.000
275,7444,9.99,2005-07-08 21:26:11.000
278,7534,8.99,2005-07-08 19:09:59.000
455,12288,8.99,2005-07-08 18:57:30.000
123,3319,8.99,2005-07-08 18:54:07.000
119,3194,8.99,2005-07-08 18:18:16.000
581,15571,8.99,2005-07-08 17:12:51.000
304,8251,8.99,2005-07-08 17:07:11.000
348,9408,8.99,2005-07-08 17:01:48.000
506,13640,8.99,2005-07-08 17:01:02.000
451,12172,8.99,2005-07-08 16:30:11.000
89,2419,8.99,2005-07-08 15:01:25.000
31,866,9.99,2005-07-08 13:24:58.000
44,1213,9.99,2005-07-08 12:44:59.000
212,5757,10.99,2005-07-08 11:59:19.000
39,1075,8.99,2005-07-08 11:07:59.000
585,15672,9.99,2005-07-08 10:41:06.000
481,12988,10.99,2005-07-08 10:11:45.000
120,3233,9.99,2005-07-08 10:05:02.000
213,5785,8.99,2005-07-08 09:49:22.000
362,9780,8.99,2005-07-08 09:23:26.000
579,15510,9.99,2005-07-08 08:01:09.000
404,10918,8.99,2005-07-08 07:46:53.000
199,5398,8.99,2005-07-08 06:04:23.000
86,2336,9.99,2005-07-08 05:34:41.000
522,14050,9.99,2005-07-08 05:08:55.000
348,9405,9.99,2005-07-08 04:48:41.000
393,10649,8.99,2005-07-08 04:18:36.000
197,5332,8.99,2005-07-08 01:09:09.000
425,11485,8.99,2005-07-08 01:03:12.000
286,7740,9.99,2005-07-07 23:59:43.000
417,11276,9.99,2005-07-07 22:07:55.000
335,9049,8.99,2005-07-07 20:56:47.000
591,15821,11.99,2005-07-07 20:45:51.000
560,14996,9.99,2005-07-07 20:20:29.000
318,8618,8.99,2005-07-07 19:21:22.000
249,6723,9.99,2005-07-07 19:15:58.000
331,8942,10.99,2005-07-07 18:01:22.000
41,1127,9.99,2005-07-07 15:56:23.000
94,2563,8.99,2005-07-07 15:37:31.000
308,8363,8.99,2005-07-07 15:34:35.000
80,2170,8.99,2005-07-07 14:36:05.000
367,9921,8.99,2005-07-07 14:11:55.000
145,3925,8.99,2005-07-07 11:19:51.000
386,10451,8.99,2005-07-07 10:51:07.000
185,5026,9.99,2005-07-07 10:32:25.000
479,12936,8.99,2005-07-07 10:28:33.000
317,8588,8.99,2005-07-07 10:12:36.000
376,10180,8.99,2005-07-07 09:33:30.000
592,15852,9.99,2005-07-07 08:26:39.000
492,13265,8.99,2005-07-07 07:35:25.000
269,7283,9.99,2005-07-07 07:20:29.000
158,4298,8.99,2005-07-07 06:58:14.000
371,10032,8.99,2005-07-07 06:52:23.000
533,14348,8.99,2005-07-07 06:49:09.000
441,11892,8.99,2005-07-07 05:16:00.000
528,14214,9.99,2005-07-07 03:35:33.000
491,13242,8.99,2005-07-07 03:27:59.000
453,12229,8.99,2005-07-07 02:35:46.000
583,15621,9.99,2005-07-06 23:33:41.000
421,11378,8.99,2005-07-06 23:30:42.000
270,7311,9.99,2005-07-06 23:28:24.000
449,12121,8.99,2005-07-06 23:00:49.000
592,15850,11.99,2005-07-06 22:58:31.000
111,2982,9.99,2005-07-06 22:19:17.000
414,11196,10.99,2005-07-06 22:05:47.000
211,5722,8.99,2005-07-06 21:15:38.000
63,1710,8.99,2005-07-06 20:34:10.000
435,11723,8.99,2005-07-06 20:26:15.000
69,1871,8.99,2005-07-06 18:39:38.000
385,10423,8.99,2005-07-06 18:27:09.000
295,7990,9.99,2005-07-06 18:21:13.000
331,8939,8.99,2005-07-06 17:58:51.000
202,5474,8.99,2005-07-06 17:24:49.000
310,8419,10.99,2005-07-06 16:01:16.000
100,2694,8.99,2005-07-06 15:01:27.000
595,15929,9.99,2005-07-06 14:02:26.000
558,14940,9.99,2005-07-06 11:33:36.000
504,13582,9.99,2005-07-06 10:47:35.000
228,6141,8.99,2005-07-06 10:28:53.000
187,5082,10.99,2005-07-06 10:26:56.000
545,14642,8.99,2005-07-06 09:56:09.000
207,5604,9.99,2005-07-06 09:38:33.000
92,2509,8.99,2005-07-06 04:59:49.000
231,6223,9.99,2005-07-06 02:54:33.000
469,12658,10.99,2005-07-06 01:03:29.000
51,1397,9.99,2005-07-06 01:02:39.000
169,4586,8.99,2005-07-05 23:46:19.000
558,14939,10.99,2005-06-21 21:10:39.000
322,8703,8.99,2005-06-21 16:57:07.000
295,7988,8.99,2005-06-21 15:17:39.000
483,13040,8.99,2005-06-21 13:58:46.000
316,8563,8.99,2005-06-21 13:35:32.000
431,11627,8.99,2005-06-21 13:20:31.000
510,13740,8.99,2005-06-21 11:26:29.000
492,13264,9.99,2005-06-21 07:09:44.000
193,5226,8.99,2005-06-21 07:08:19.000
274,7409,9.99,2005-06-21 06:55:36.000
550,14754,10.99,2005-06-21 05:18:27.000
550,14753,9.99,2005-06-21 02:47:43.000
459,12384,9.99,2005-06-21 02:39:44.000
21,551,10.99,2005-06-21 01:04:35.000
158,4297,8.99,2005-06-21 00:34:56.000
33,909,8.99,2005-06-20 22:21:10.000
398,10772,9.99,2005-06-20 19:55:47.000
537,14457,8.99,2005-06-20 19:29:09.000
113,3035,8.99,2005-06-20 18:28:19.000
87,2364,9.99,2005-06-20 18:25:57.000
522,14045,8.99,2005-06-20 16:55:55.000
347,9371,8.99,2005-06-20 16:04:42.000
384,10402,9.99,2005-06-20 15:56:05.000
164,4454,8.99,2005-06-20 15:32:11.000
423,11428,8.99,2005-06-20 14:21:31.000
349,9438,8.99,2005-06-20 13:59:21.000
13,334,8.99,2005-06-20 12:45:33.000
18,474,8.99,2005-06-20 09:02:51.000
343,9277,8.99,2005-06-20 08:35:03.000
571,15295,10.99,2005-06-20 08:15:27.000
511,13761,10.99,2005-06-20 07:39:33.000
46,1263,8.99,2005-06-20 07:33:38.000
590,15797,9.99,2005-06-20 07:33:29.000
542,14580,10.99,2005-06-20 06:53:47.000
258,6958,8.99,2005-06-20 04:50:45.000
178,4830,9.99,2005-06-20 02:38:06.000
467,12585,9.99,2005-06-20 00:17:46.000
262,7073,8.99,2005-06-19 23:06:28.000
232,6248,8.99,2005-06-19 21:34:54.000
82,2223,8.99,2005-06-19 20:13:33.000
211,5720,8.99,2005-06-19 19:58:16.000
80,2167,8.99,2005-06-19 19:29:17.000
120,3228,9.99,2005-06-19 19:18:27.000
289,7817,10.99,2005-06-19 18:40:29.000
506,13636,9.99,2005-06-19 16:56:31.000
92,2508,8.99,2005-06-19 15:59:04.000
212,5756,9.99,2005-06-19 15:58:38.000
510,13737,8.99,2005-06-19 15:06:15.000
589,15770,8.99,2005-06-19 13:57:08.000
17,451,8.99,2005-06-19 12:29:08.000
454,12256,9.99,2005-06-19 11:17:12.000
221,5979,10.99,2005-06-19 10:50:02.000
589,15769,8.99,2005-06-19 10:35:26.000
25,661,8.99,2005-06-19 08:23:11.000
478,12910,8.99,2005-06-19 07:33:00.000
537,14456,8.99,2005-06-19 05:05:11.000
309,8384,9.99,2005-06-19 03:12:42.000
414,11194,9.99,2005-06-19 03:09:46.000
82,2222,8.99,2005-06-18 23:29:53.000
519,13967,8.99,2005-06-18 23:28:27.000
553,14829,8.99,2005-06-18 19:54:13.000
77,2092,8.99,2005-06-18 19:29:21.000
230,6191,8.99,2005-06-18 19:25:47.000
523,14079,8.99,2005-06-18 19:10:55.000
466,12561,8.99,2005-06-18 19:04:41.000
576,15428,8.99,2005-06-18 18:58:12.000
583,15614,9.99,2005-06-18 17:48:28.000
102,2740,8.99,2005-06-18 17:21:24.000
170,4608,8.99,2005-06-18 16:59:34.000
409,11064,8.99,2005-06-18 08:45:59.000
477,12888,10.99,2005-06-18 08:33:23.000
436,11746,9.99,2005-06-18 07:36:46.000
287,7766,9.99,2005-06-18 07:02:32.000
303,8221,8.99,2005-06-18 03:27:03.000
297,8051,8.99,2005-06-18 02:09:24.000
176,4771,8.99,2005-06-18 00:48:31.000
497,13378,8.99,2005-06-18 00:47:43.000
305,8272,11.99,2005-06-17 23:51:21.000
465,12545,8.99,2005-06-17 23:37:29.000
236,6349,8.99,2005-06-17 21:29:34.000
263,7100,8.99,2005-06-17 20:54:36.000
26,689,9.99,2005-06-17 18:14:08.000
260,7017,10.99,2005-06-17 18:09:04.000
156,4238,9.99,2005-06-17 17:45:09.000
108,2907,8.99,2005-06-17 15:47:00.000
348,9401,8.99,2005-06-17 14:19:00.000
547,14689,8.99,2005-06-17 12:44:39.000
261,7050,8.99,2005-06-17 10:42:34.000
68,1846,8.99,2005-06-17 08:50:58.000
462,12471,9.99,2005-06-17 06:24:30.000
572,15313,10.99,2005-06-17 04:05:12.000
517,13916,8.99,2005-06-16 21:00:20.000
474,12814,8.99,2005-06-16 17:39:39.000
467,12583,8.99,2005-06-16 15:59:44.000
485,13087,8.99,2005-06-16 15:01:36.000
516,13892,10.99,2005-06-16 14:52:02.000
347,9368,8.99,2005-06-16 14:11:52.000
286,7735,8.99,2005-06-16 12:24:18.000
48,1315,9.99,2005-06-16 12:18:41.000
469,12656,9.99,2005-06-16 11:17:22.000
299,8108,8.99,2005-06-16 09:23:20.000
131,3531,9.99,2005-06-16 09:12:53.000
468,12617,8.99,2005-06-16 07:51:09.000
134,3617,9.99,2005-06-16 07:08:38.000
197,5327,8.99,2005-06-16 06:17:55.000
293,7925,9.99,2005-06-16 04:58:03.000
322,8698,8.99,2005-06-16 04:53:21.000
442,11920,8.99,2005-06-16 03:54:39.000
3,62,8.99,2005-06-16 01:34:05.000
110,2961,8.99,2005-06-16 00:32:52.000
368,9945,9.99,2005-06-15 22:53:30.000
1,5,9.99,2005-06-15 21:08:46.000
544,14620,10.99,2005-06-15 18:30:46.000
379,10250,8.99,2005-06-15 15:20:06.000
222,6008,8.99,2005-06-15 14:27:47.000
290,7846,8.99,2005-06-15 12:01:34.000
33,908,10.99,2005-06-15 09:46:33.000
89,2412,8.99,2005-06-15 06:05:18.000
403,10879,8.99,2005-06-15 05:38:09.000
49,1334,9.99,2005-06-15 04:44:10.000
217,5882,8.99,2005-05-31 19:42:02.000
260,7013,8.99,2005-05-31 14:13:59.000
271,7329,8.99,2005-05-31 13:30:49.000
293,7924,8.99,2005-05-31 04:53:40.000
55,1514,9.99,2005-05-31 03:46:19.000
593,15874,8.99,2005-05-30 23:29:22.000
245,6627,8.99,2005-05-30 15:44:27.000
486,13114,8.99,2005-05-30 10:43:38.000
586,15691,8.99,2005-05-30 09:38:41.000
432,11645,8.99,2005-05-30 09:10:01.000
276,7468,10.99,2005-05-30 02:45:16.000
53,1458,9.99,2005-05-30 02:01:21.000
337,9099,8.99,2005-05-30 00:28:12.000
509,13712,8.99,2005-05-29 22:50:25.000
480,12959,9.99,2005-05-29 21:36:00.000
22,581,8.99,2005-05-29 21:07:22.000
171,4630,9.99,2005-05-29 18:10:24.000
439,11831,9.99,2005-05-29 15:17:28.000
383,10367,8.99,2005-05-29 11:47:02.000
433,11667,10.99,2005-05-29 01:01:26.000
85,2302,9.99,2005-05-29 00:54:53.000
103,2770,9.99,2005-05-28 20:23:23.000
316,8555,8.99,2005-05-28 18:59:12.000
417,11271,8.99,2005-05-28 17:24:51.000
299,8107,8.99,2005-05-28 14:48:39.000
142,3833,9.99,2005-05-28 10:56:09.000
506,13629,8.99,2005-05-28 07:24:28.000
315,8537,8.99,2005-05-28 06:20:55.000
597,15985,8.99,2005-05-28 03:09:28.000
231,6221,8.99,2005-05-28 03:07:50.000
101,2712,9.99,2005-05-27 21:13:10.000
547,14687,8.99,2005-05-27 18:35:20.000
334,9015,8.99,2005-05-27 16:31:05.000
498,13406,8.99,2005-05-27 16:21:26.000
246,6655,8.99,2005-05-27 15:30:13.000
500,13463,8.99,2005-05-27 10:45:41.000
594,15900,8.99,2005-05-27 06:51:14.000
14,359,9.99,2005-05-27 04:34:41.000
209,5656,9.99,2005-05-27 03:55:25.000
67,1823,9.99,2005-05-27 02:22:26.000
105,2824,8.99,2005-05-27 01:18:57.000
375,10151,8.99,2005-05-26 21:48:13.000
82,2219,8.99,2005-05-26 19:47:49.000
359,9684,8.99,2005-05-26 19:21:44.000
71,1911,9.99,2005-05-26 16:27:11.000
200,5418,9.99,2005-05-26 16:20:56.000
482,13008,8.99,2005-05-26 15:32:46.000
571,15288,9.99,2005-05-26 10:54:28.000
318,8611,9.99,2005-05-26 10:18:27.000
444,11969,8.99,2005-05-26 07:13:45.000
515,13860,8.99,2005-05-26 05:42:37.000
104,2800,10.99,2005-05-26 02:26:23.000
57,1565,9.99,2005-05-26 00:41:10.000
433,11666,8.99,2005-05-26 00:07:11.000
304,8243,10.99,2005-05-25 21:58:58.000
23,601,8.99,2005-05-25 21:20:03.000
500,13462,8.99,2005-05-25 18:57:24.000
19,491,9.99,2005-05-25 18:43:49.000
196,5281,11.99,2005-05-25 18:18:19.000
510,13731,8.99,2005-05-25 11:13:34.000
319,8623,9.99,2005-05-25 00:39:22.000
142,3831,8.99,2005-05-25 00:09:02.000
