first_name,last_name,customer_country,customer_city,suspicious_date,day_total_amount,payment_count,distinct_staff_count,avg_daily_amount_prev_30_days,suspicious_rank
MICHELLE,CLARK,Bangladesh,Tangail,2005-08-20,32.96,4,2,5.58,1
TOMMY,COLLAZO,Iran,Qomsheh,2005-07-28,29.950000000000003,5,2,2.66,2
KEN,PREWITT,Romania,Bucuresti,2005-07-08,29.930000000000003,7,2,2.99,3
TIM,CARY,India,Bijapur,2005-08-21,32.95,5,2,7.84,4
ALEX,GRESHAM,Mexico,Uruapan,2005-08-20,27.96,4,2,5.23,5
PATSY,DAVIDSON,Ecuador,Portoviejo,2005-07-12,26.96,4,2,4.27,6
ALFRED,CASILLAS,Egypt,Sawhaj,2005-07-27,24.950000000000003,5,2,2.32,7
ARNOLD,HAVENS,Philippines,Santa Rosa,2005-07-30,29.950000000000003,5,2,7.61,8
JANET,PHILLIPS,Chile,Antofagasta,2005-08-02,27.950000000000003,5,2,5.84,9
CARRIE,PORTER,China,Liaocheng,2005-07-31,26.96,4,2,5.78,10
FRANCIS,SIKES,Mexico,San Juan Bautista Tuxtepec,2005-07-08,27.96,4,2,6.99,11
SHAWN,HEATON,Thailand,Nakhon Sawan,2005-08-20,27.940000000000005,6,2,7.15,12
MARIE,TURNER,Russian Federation,Lipetsk,2005-07-10,24.96,4,2,4.49,13
DUANE,TUBBS,Nauru,Yangor,2005-07-29,25.96,4,2,5.59,14
BRITTANY,RILEY,Ukraine,Sumy,2005-08-18,26.97,3,2,6.74,15
NATHAN,RUNYON,"Virgin Islands, U.S.",Charlotte Amalie,2005-07-27,23.96,4,2,3.74,16
DIANE,COLLINS,Sudan,Omdurman,2005-07-31,26.949999999999996,5,2,6.74,17
GLADYS,HAMILTON,Nigeria,Ilorin,2005-08-23,25.950000000000003,5,2,5.99,18
JESSICA,HALL,Holy See (Vatican City State),Citt del Vaticano,2005-08-21,23.96,4,2,4.27,19
LAURIE,LAWRENCE,India,Firozabad,2005-08-21,24.96,4,2,5.32,20
RAMON,CHOATE,Ecuador,Robamba,2005-08-22,26.96,4,2,7.48,21
RON,DELUCA,Japan,Isesaki,2005-07-31,23.949999999999996,5,2,4.65,22
LARRY,THRASHER,Turkey,Adana,2005-08-23,23.97,3,2,4.86,23
ANA,BRADLEY,United States,Memphis,2005-08-01,26.950000000000003,5,2,8.1,24
DEREK,BLAKELY,Philippines,Gingoog,2005-08-22,22.950000000000003,5,2,4.21,25
NICHOLAS,BARFIELD,Brazil,Belm,2005-08-21,25.96,4,2,7.48,26
DALE,RATCLIFF,South Africa,Rustenburg,2005-07-28,22.96,4,2,4.59,27
STANLEY,SCROGGINS,Japan,Omiya,2005-07-08,21.96,4,2,3.79,28
ERIK,GUILLEN,India,Bhimavaram,2005-07-12,20.97,3,2,2.99,29
DIANE,COLLINS,Sudan,Omdurman,2005-07-10,21.97,3,2,3.99,30
JOSEPHINE,GOMEZ,India,Etawah,2005-08-21,25.96,4,2,7.98,31
ALLEN,BUTTERFIELD,India,Hoshiarpur,2005-07-29,18.97,3,2,0.99,32
KRISTINA,CHAMBERS,Venezuela,Valle de la Pascua,2005-06-15,20.97,3,2,2.99,33
LEWIS,LYMAN,Israel,Ashqelon,2005-06-19,20.97,3,2,2.99,34
YOLANDA,WEAVER,Tanzania,Tabora,2005-08-02,24.96,4,2,6.98,35
TRACEY,BARRETT,Nigeria,Owo,2005-07-29,20.950000000000003,5,2,2.99,36
EMMA,BOYD,Egypt,Qalyub,2005-08-02,20.96,4,2,3.16,37
ELSIE,KELLEY,Nigeria,Ikerre,2005-08-17,22.939999999999998,6,2,5.15,38
ALBERT,CROUSE,Cameroon,Bamenda,2005-07-27,22.96,4,2,5.49,39
ANDY,VANHORN,Mexico,Huejutla de Reyes,2005-07-27,20.96,4,2,3.49,40
ESTHER,CRAWFORD,South Africa,Botshabelo,2005-08-01,22.96,4,2,5.61,41
ALMA,AUSTIN,Germany,Mannheim,2005-07-31,22.97,3,2,5.84,42
LUCILLE,HOLMES,South Africa,Soshanguve,2005-07-07,20.97,3,2,3.99,43
TYRONE,ASHER,Bulgaria,Ruse,2005-08-02,24.96,4,2,7.98,44
MARGIE,WADE,China,Lengshuijiang,2005-06-19,22.96,4,2,5.99,45
AMBER,DIXON,Taiwan,Touliu,2005-08-22,21.950000000000003,5,2,4.99,46
JEREMY,HURTADO,Brazil,Vitria de Santo Anto,2005-08-22,20.96,4,2,4.09,47
LENA,JENSEN,India,Halisahar,2005-07-30,21.97,3,2,5.32,48
BERNICE,WILLIS,Turkey,Batman,2005-07-08,17.97,3,2,1.32,49
KELLY,KNOTT,China,Sanya,2005-07-12,19.97,3,2,3.49,50
PAULINE,HENRY,Mexico,Torren,2005-07-08,19.96,4,2,3.49,51
ROGER,QUINTANILLA,Taiwan,Hsichuh,2005-07-08,20.96,4,2,4.59,52
ISAAC,OGLESBY,Mexico,Cuernavaca,2005-08-18,22.97,3,2,6.65,53
MARIA,MILLER,Yugoslavia,Kragujevac,2005-08-01,22.96,4,2,6.65,54
DANIELLE,DANIELS,Mexico,Hidalgo,2005-08-19,21.950000000000003,5,2,5.65,55
PHYLLIS,FOSTER,China,Zalantun,2005-08-20,19.96,4,2,3.74,56
MAX,PITT,Yugoslavia,Novi Sad,2005-07-06,22.950000000000003,5,2,6.74,57
ANGELA,HERNANDEZ,Japan,Shimonoseki,2005-08-18,21.96,4,2,5.84,58
ARTHUR,SIMPKINS,Russian Federation,Maikop,2005-07-29,22.96,4,2,6.85,59
COREY,HAUSER,Turkey,Gaziantep,2005-05-29,16.98,2,2,0.99,60
CLIFTON,MALCOLM,Taiwan,Tanshui,2005-07-28,21.97,3,2,5.98,61
GORDON,ALLARD,Yemen,Hodeida,2005-08-18,23.97,3,2,7.98,62
JACOB,LANCE,United States,El Monte,2005-08-01,20.97,3,2,4.99,63
PAUL,TROUT,Russian Federation,Kursk,2005-07-31,20.97,3,2,4.99,64
ELLEN,SIMPSON,Brazil,Po,2005-07-06,18.97,3,2,2.99,65
MARLENE,WELCH,Japan,Iwaki,2005-07-27,18.97,3,2,2.99,66
TINA,SIMMONS,Brazil,Goinia,2005-07-10,23.96,4,2,7.99,67
SHELLY,WATTS,United States,Dayton,2005-08-01,20.950000000000003,5,2,5.32,68
KYLE,SPURLOCK,China,Shanwei,2005-07-31,20.97,3,2,5.41,69
DIANNE,SHELTON,Iran,Tabriz,2005-07-09,20.97,3,2,5.49,70
BEN,EASTER,Russian Federation,Kamyin,2005-07-28,18.98,2,2,3.59,71
KEN,PREWITT,Romania,Bucuresti,2005-07-29,22.96,4,2,7.58,72
MYRTLE,FLEMING,Dominican Republic,Santiago de los Caballeros,2005-08-01,20.95,5,2,5.61,73
ROSE,HOWARD,French Guiana,Cayenne,2005-08-02,19.97,3,2,4.74,74
JAMIE,RICE,United States,Sterling Heights,2005-07-11,19.97,3,2,4.74,75
MITCHELL,WESTMORELAND,Vietnam,Nha Trang,2005-07-10,19.97,3,2,4.82,76
CONNIE,WALLACE,Russian Federation,Ivanovo,2005-08-01,20.97,3,2,5.99,77
SHIRLEY,ALLEN,Philippines,Davao,2005-07-31,18.97,3,2,3.99,78
DEANNA,BYRD,Philippines,Tuguegarao,2005-06-17,18.97,3,2,3.99,79
MARY,SMITH,Japan,Sasebo,2005-06-15,16.97,3,2,1.99,80
GREGORY,MAULDIN,Tunisia,Sousse,2005-07-07,17.96,4,2,2.99,81
TED,BREAUX,China,Baicheng,2005-07-31,18.97,3,2,4.11,82
SHIRLEY,ALLEN,Philippines,Davao,2005-08-17,21.97,3,2,7.18,83
SYLVIA,ORTIZ,Colombia,Dos Quebradas,2005-08-21,19.97,3,2,5.21,84
CAROLE,BARNETT,United States,Peoria,2005-08-21,19.96,4,2,5.21,85
HAROLD,MARTINO,Brazil,Boa Vista,2005-07-12,19.97,3,2,5.24,86
DONNA,THOMPSON,Russian Federation,Elista,2005-07-30,21.959999999999997,4,2,7.32,87
TRACEY,BARRETT,Nigeria,Owo,2005-08-19,20.97,3,2,6.48,88
VALERIE,BLACK,United States,Brockton,2005-06-18,18.97,3,2,4.49,89
ALLISON,STANLEY,Cambodia,Phnom Penh,2005-07-06,17.959999999999997,4,2,3.49,90
TOMMY,COLLAZO,Iran,Qomsheh,2005-07-29,20.98,2,2,6.56,91
CINDY,FISHER,Venezuela,Cuman,2005-06-20,16.97,3,2,2.59,92
MICHEAL,FORMAN,Argentina,Escobar,2005-08-02,17.98,2,2,3.65,93
ERNEST,STEPP,China,Huaian,2005-06-20,18.97,3,2,4.65,94
ELEANOR,HUNT,Runion,Saint-Denis,2005-07-28,20.96,4,2,6.65,95
GUY,BROWNLEE,China,Zhoushan,2005-06-21,20.98,2,2,6.74,96
MAXINE,SILVA,Brazil,Poos de Caldas,2005-07-10,19.96,4,2,5.78,97
GREG,ROBINS,Vietnam,Nam Dinh,2005-07-11,18.97,3,2,4.86,98
JOANNE,ROBERTSON,Japan,Urawa,2005-08-23,20.97,3,2,6.87,99
JUSTIN,NGO,Brazil,Santo Andr,2005-07-29,18.97,3,2,4.98,100
KATHY,JAMES,Philippines,Baybay,2005-07-10,18.97,3,2,4.99,101
KEVIN,SCHULER,Nepal,Birgunj,2005-08-17,17.97,3,2,3.99,102
SHERRI,RHODES,India,Ahmadnagar,2005-06-18,16.97,3,2,2.99,103
COURTNEY,DAY,South Korea,Uijongbu,2005-07-27,17.950000000000003,5,2,3.99,104
ANGELA,HERNANDEZ,Japan,Shimonoseki,2005-06-19,15.950000000000001,5,2,1.99,105
JOE,GILLILAND,Philippines,Imus,2005-08-02,18.97,3,2,5.1,106
ELEANOR,HUNT,Runion,Saint-Denis,2005-07-12,19.98,2,2,6.13,107
SARA,PERRY,Mexico,Atlixco,2005-07-11,18.97,3,2,5.13,108
CODY,NOLEN,Brazil,So Bernardo do Campo,2005-08-21,18.97,3,2,5.16,109
CURTIS,IRBY,Canada,Richmond Hill,2005-07-09,17.96,4,2,4.15,110
DIANNE,SHELTON,Iran,Tabriz,2005-08-19,18.96,4,2,5.16,111
JOANNE,ROBERTSON,Japan,Urawa,2005-08-01,16.98,2,2,3.19,112
JENNIE,TERRY,Czech Republic,Olomouc,2005-08-21,18.97,3,2,5.24,113
PRISCILLA,LOWE,Mexico,Salamanca,2005-07-12,19.96,4,2,6.24,114
VINCENT,RALSTON,Mexico,Allende,2005-08-19,17.95,5,2,4.24,115
JULIA,FLORES,Argentina,La Plata,2005-06-15,16.98,2,2,3.32,116
AARON,SELBY,"Congo, The Democratic Republic of the",Mwene-Ditu,2005-08-02,18.97,3,2,5.32,117
LENA,JENSEN,India,Halisahar,2005-06-16,18.97,3,2,5.32,118
FLOYD,GANDY,Mexico,Zapopan,2005-08-17,16.97,3,2,3.32,119
MARIO,CHEATHAM,Algeria,Batna,2005-07-29,18.950000000000003,5,2,5.32,120
KATHRYN,COLEMAN,Ukraine,Simferopol,2005-07-30,19.97,3,2,6.42,121
TERRI,VASQUEZ,Brazil,Blumenau,2005-08-19,18.97,3,2,5.49,122
MONICA,HICKS,Ukraine,Mukateve,2005-08-19,18.959999999999997,4,2,5.54,123
SONIA,GREGORY,Nigeria,Benin City,2005-07-08,15.98,2,2,2.59,124
HARRY,ARCE,Iran,Najafabad,2005-08-19,17.959999999999997,4,2,4.61,125
CLIFFORD,BOWENS,Russian Federation,Nabereznyje Telny,2005-07-30,17.97,3,2,4.7,126
AMBER,DIXON,Taiwan,Touliu,2005-07-09,17.97,3,2,4.74,127
DARREN,WINDHAM,Italy,Livorno,2005-08-22,18.95,5,2,5.74,128
RANDY,GAITHER,Russian Federation,Kurgan,2005-07-12,18.97,3,2,5.82,129
KEITH,RICO,Slovakia,Bratislava,2005-07-11,16.97,3,2,3.82,130
BILL,GAVIN,United States,Rockford,2005-08-21,17.98,2,2,4.99,131
JOE,GILLILAND,Philippines,Imus,2005-06-20,15.98,2,2,2.99,132
MICHELLE,CLARK,Bangladesh,Tangail,2005-06-18,15.97,3,2,2.99,133
LLOYD,DOWD,Indonesia,Tegal,2005-07-12,15.97,3,2,2.99,134
ANDREA,HENDERSON,Madagascar,Mahajanga,2005-08-21,16.97,3,2,3.99,135
FREDDIE,DUGGAN,Peru,Sullana,2005-08-02,16.96,4,2,3.99,136
LEAH,CURTIS,Poland,Kalisz,2005-08-01,18.97,3,2,6.19,137
CRAIG,MORRELL,Philippines,Cavite,2005-08-18,17.96,4,2,5.18,138
TRACY,HERRMANN,Ecuador,Loja,2005-06-19,17.98,2,2,5.24,139
NORA,HERRERA,Austria,Salzburg,2005-08-02,16.97,3,2,4.32,140
CALVIN,MARTEL,Venezuela,Maracabo,2005-08-21,18.96,4,2,6.32,141
NATHANIEL,ADAM,United States,Joliet,2005-07-06,16.98,2,2,4.49,142
JOHN,FARNSWORTH,India,Parbhani,2005-07-10,13.98,2,2,1.49,143
STELLA,MORENO,Mexico,Coacalco de Berriozbal,2005-08-18,17.97,3,2,5.49,144
RONALD,WEINER,Mexico,San Felipe del Progreso,2005-08-17,16.950000000000003,5,2,4.49,145
MELANIE,ARMSTRONG,Philippines,Bayugan,2005-08-01,16.96,4,2,4.56,146
ROSEMARY,SCHMIDT,Turkey,Usak,2005-08-22,17.97,3,2,5.59,147
JESSE,SCHILLING,"Congo, The Democratic Republic of the",Lubumbashi,2005-08-19,15.97,3,2,3.59,148
KATIE,ELLIOTT,Kenya,Kisumu,2005-08-22,16.97,3,2,4.61,149
RUTH,MARTINEZ,South Africa,Kimberley,2005-07-31,17.98,2,2,5.65,150
JIM,REA,Mexico,El Fuerte,2005-07-08,16.97,3,2,4.65,151
MARGIE,WADE,China,Lengshuijiang,2005-07-30,15.97,3,2,3.66,152
RANDY,GAITHER,Russian Federation,Kurgan,2005-07-07,13.97,3,2,1.66,153
LORI,WOOD,India,Rae Bareli,2005-07-28,15.97,3,2,3.7,154
JOHNNIE,CHISHOLM,Poland,Plock,2005-07-12,17.98,2,2,5.74,155
SANDRA,MARTIN,United Kingdom,Southend-on-Sea,2005-06-17,14.98,2,2,2.74,156
BRAD,MCCURDY,Taiwan,Chungho,2005-07-07,17.96,4,2,5.74,157
ANDRE,RAPP,Chile,Coquimbo,2005-08-17,15.97,3,2,3.79,158
TED,BREAUX,China,Baicheng,2005-07-09,16.97,3,2,4.79,159
STACY,CUNNINGHAM,Colombia,Pereira,2005-07-08,17.98,2,2,5.98,160
LINDA,WILLIAMS,Greece,Athenai,2005-07-27,16.98,2,2,4.99,161
PATSY,DAVIDSON,Ecuador,Portoviejo,2005-06-19,15.98,2,2,3.99,162
JULIO,NOLAND,Ukraine,Konotop,2005-07-06,14.98,2,2,2.99,163
MIKE,WAY,India,Valparai,2005-06-15,13.98,2,2,1.99,164
GEORGIA,JACOBS,India,Uttarpara-Kotrung,2005-07-06,12.98,2,2,0.99,165
LEROY,BUSTAMANTE,China,Tongliao,2005-05-28,12.98,2,2,0.99,166
JORDAN,ARCHULETA,Argentina,Avellaneda,2005-08-01,17.97,3,2,5.99,167
MARSHALL,THORN,United Kingdom,Southampton,2005-07-06,17.97,3,2,5.99,168
SAM,MCDUFFIE,Colombia,Sogamoso,2005-07-12,16.97,3,2,4.99,169
JACKIE,LYNCH,Colombia,Buenaventura,2005-07-06,14.97,3,2,2.99,170
JUAN,FRALEY,Russian Federation,Teboksary,2005-08-17,14.97,3,2,2.99,171
ASHLEY,RICHARDSON,United States,Lincoln,2005-07-10,16.97,3,2,4.99,172
JAVIER,ELROD,Chad,NDjamna,2005-07-08,16.97,3,2,4.99,173
CLYDE,TOBIAS,China,Shaoguan,2005-07-30,17.96,4,2,5.98,174
FELICIA,SUTTON,China,Korla,2005-07-06,17.959999999999997,4,2,5.98,175
PATRICK,NEWSOM,Vietnam,Hanoi,2005-07-29,15.96,4,2,3.99,176
RYAN,SALISBURY,Latvia,Daugavpils,2005-07-28,15.96,4,2,4.16,177
RITA,GRAHAM,France,Toulon,2005-07-08,15.97,3,2,4.19,178
HECTOR,POINDEXTER,Russian Federation,Pjatigorsk,2005-08-01,16.97,3,2,5.21,179
ELSIE,KELLEY,Nigeria,Ikerre,2005-07-12,14.97,3,2,3.24,180
LILLIAN,GRIFFIN,United Arab Emirates,al-Ayn,2005-07-29,16.97,3,2,5.24,181
NEIL,RENNER,Vietnam,Cam Ranh,2005-07-09,15.97,3,2,4.24,182
LUCILLE,HOLMES,South Africa,Soshanguve,2005-08-19,15.96,4,2,4.24,183
JENNIFER,DAVIS,United States,Laredo,2005-07-11,13.98,2,2,2.32,184
EDDIE,TOMLIN,Philippines,Ozamis,2005-06-18,15.97,3,2,4.32,185
LAWRENCE,LAWTON,Cameroon,Yaound,2005-08-02,15.96,4,2,4.41,186
ALFRED,CASILLAS,Egypt,Sawhaj,2005-06-19,13.98,2,2,2.49,187
BEATRICE,ARNOLD,India,Udaipur,2005-07-10,15.97,3,2,4.49,188
YVONNE,WATKINS,Venezuela,Ocumare del Tuy,2005-08-01,16.97,3,2,5.49,189
WAYNE,TRUONG,India,Gulbarga,2005-07-27,15.97,3,2,4.49,190
JUDITH,COX,China,Daxian,2005-07-08,13.97,3,2,2.49,191
GRACE,ELLIS,Germany,Duisburg,2005-07-29,15.98,2,2,4.54,192
CHRIS,BROTHERS,Spain,Gijn,2005-08-18,14.98,2,2,3.59,193
TANYA,GILBERT,South Korea,Naju,2005-07-28,16.97,3,2,5.65,194
NATALIE,MEYER,Brazil,Aparecida de Goinia,2005-07-11,14.98,2,2,3.79,195
ERNEST,STEPP,China,Huaian,2005-06-18,13.98,2,2,2.79,196
JULIE,SANCHEZ,Spain,A Corua (La Corua),2005-08-22,15.97,3,2,4.79,197
KYLE,SPURLOCK,China,Shanwei,2005-07-30,14.96,4,2,3.82,198
HEIDI,LARSON,China,Xiangfan,2005-07-11,14.97,3,2,3.84,199
RUBEN,GEARY,Poland,Lublin,2005-06-21,13.98,2,2,2.98,200
JANE,BENNETT,Brazil,Araatuba,2005-08-17,14.98,2,2,3.99,201
JEAN,BELL,Malaysia,Kuching,2005-07-27,14.98,2,2,3.99,202
VERA,MCCOY,Afghanistan,Kabul,2005-07-27,13.98,2,2,2.99,203
KYLE,SPURLOCK,China,Shanwei,2005-06-20,11.98,2,2,0.99,204
TONY,CARRANZA,Japan,Koriyama,2005-07-29,14.97,3,2,3.99,205
GAIL,KNIGHT,Switzerland,Bern,2005-07-11,15.97,3,2,4.99,206
GLENDA,FRAZIER,China,Qinhuangdao,2005-06-15,14.97,3,2,3.99,207
BETTY,WHITE,United States,Citrus Heights,2005-07-09,13.97,3,2,2.99,208
ROBIN,HAYES,Russian Federation,Jelets,2005-06-15,11.97,3,2,0.99,209
BRITTANY,RILEY,Ukraine,Sumy,2005-07-10,15.98,2,2,5.11,210
VERONICA,STONE,United States,Greensboro,2005-08-02,15.96,4,2,5.1,211
TERESA,ROGERS,Japan,Iwakuni,2005-08-02,15.97,3,2,5.13,212
PRISCILLA,LOWE,Mexico,Salamanca,2005-07-09,15.98,2,2,5.16,213
TRACY,COLE,Mexico,Huixquilucan,2005-07-29,15.97,3,2,5.15,214
JEREMY,HURTADO,Brazil,Vitria de Santo Anto,2005-07-10,13.97,3,2,3.16,215
DAVID,ROYAL,Peru,Callao,2005-07-08,15.98,2,2,5.24,216
HECTOR,POINDEXTER,Russian Federation,Pjatigorsk,2005-07-30,14.97,3,2,4.41,217
IDA,ANDREWS,Brazil,Luzinia,2005-07-31,13.97,3,2,3.49,218
RUBY,WASHINGTON,China,Meixian,2005-07-27,13.97,3,2,3.49,219
ALAN,KAHN,China,Emeishan,2005-07-28,13.98,2,2,3.56,220
MICHELE,GRANT,China,Yuncheng,2005-07-27,14.97,3,2,4.65,221
DAVE,GARDINER,China,Leshan,2005-08-02,14.96,4,2,4.65,222
JUANITA,MASON,India,Pune,2005-07-30,14.98,2,2,4.74,223
PERRY,SWAFFORD,Argentina,Quilmes,2005-07-08,14.98,2,2,4.74,224
LOIS,BUTLER,Brunei,Bandar Seri Begawan,2005-07-07,12.97,3,2,2.79,225
JEFFREY,SPEAR,Indonesia,Ciparay,2005-08-20,14.97,3,2,4.82,226
ELMER,NOE,Cambodia,Battambang,2005-07-12,13.98,2,2,3.85,227
BERTHA,FERGUSON,Nigeria,Ondo,2005-08-22,14.96,4,2,4.86,228
BOB,PFEIFFER,China,Xintai,2005-07-27,13.98,2,2,3.98,229
PENNY,NEAL,India,Kumbakonam,2005-07-31,12.98,2,2,2.99,230
CODY,NOLEN,Brazil,So Bernardo do Campo,2005-06-15,12.98,2,2,2.99,231
GLADYS,HAMILTON,Nigeria,Ilorin,2005-07-06,11.98,2,2,1.99,232
EUGENE,CULPEPPER,China,Shenzhen,2005-06-16,10.98,2,2,0.99,233
ADAM,GOOCH,India,Adoni,2005-08-18,14.97,3,2,4.99,234
CORY,MEEHAN,Belarus,Mogiljov,2005-07-11,11.97,3,2,1.99,235
FRANCES,PARKER,Brazil,Juazeiro do Norte,2005-07-11,14.97,3,2,4.99,236
JORDAN,ARCHULETA,Argentina,Avellaneda,2005-07-07,13.97,3,2,3.99,237
WADE,DELVALLE,Switzerland,Lausanne,2005-07-06,12.97,3,2,2.99,238
JANICE,WARD,Sweden,Malm,2005-08-21,13.96,4,2,4.11,239
EVERETT,BANDA,Egypt,Bilbays,2005-08-19,13.97,3,2,4.13,240
CLARENCE,GAMEZ,Japan,Izumisano,2005-07-10,12.98,2,2,3.15,241
CARMEN,OWENS,Venezuela,Caracas,2005-07-06,13.98,2,2,4.16,242
DONALD,MAHON,China,Ezhou,2005-06-19,12.98,2,2,3.24,243
CHAD,CARBONE,India,Katihar,2005-08-02,13.96,4,2,4.29,244
CHRISTIAN,JUNG,India,Amroha,2005-08-01,13.97,3,2,4.32,245
JIMMIE,EGGLESTON,Poland,Wroclaw,2005-08-21,13.98,2,2,4.36,246
JUANITA,MASON,India,Pune,2005-07-27,13.97,3,2,4.39,247
OLGA,JIMENEZ,Nigeria,Ogbomosho,2005-06-21,13.97,3,2,4.39,248
RENE,MCALISTER,United States,Garden Grove,2005-07-30,13.98,2,2,4.41,249
LILLIE,KIM,Egypt,Idfu,2005-07-27,13.98,2,2,4.42,250
REBECCA,SCOTT,Japan,Kurashiki,2005-08-21,13.98,2,2,4.54,251
LENA,JENSEN,India,Halisahar,2005-07-28,12.98,2,2,3.79,252
GWENDOLYN,MAY,Japan,Higashiosaka,2005-07-11,12.97,3,2,3.85,253
SAMANTHA,DUNCAN,Mexico,Matamoros,2005-07-11,12.98,2,2,3.99,254
JESSE,SCHILLING,"Congo, The Democratic Republic of the",Lubumbashi,2005-07-12,12.98,2,2,3.99,255
JANE,BENNETT,Brazil,Araatuba,2005-06-18,12.98,2,2,3.99,256
KIMBERLY,LEE,Argentina,Crdoba,2005-08-18,11.98,2,2,2.99,257
YVONNE,WATKINS,Venezuela,Ocumare del Tuy,2005-07-29,12.98,2,2,3.99,258
ROSEMARY,SCHMIDT,Turkey,Usak,2005-06-17,12.98,2,2,3.99,259
RICHARD,MCCRARY,United States,Arlington,2005-06-17,12.98,2,2,3.99,260
BETH,FRANKLIN,Vietnam,Haiphong,2005-07-08,11.98,2,2,2.99,261
KENNETH,GOODEN,Israel,Bat Yam,2005-07-09,11.98,2,2,2.99,262
CLYDE,TOBIAS,China,Shaoguan,2005-06-16,11.98,2,2,2.99,263
DARLENE,ROSE,North Korea,Pyongyang,2005-07-07,9.98,2,2,0.99,264
MARTHA,GONZALEZ,Moldova,Chisinau,2005-07-07,12.97,3,2,3.99,265
ELIZABETH,BROWN,Taiwan,Nantou,2005-07-09,12.97,3,2,3.99,266
ERNEST,STEPP,China,Huaian,2005-08-22,11.97,3,2,2.99,267
IVAN,CROMWELL,Mexico,Monclova,2005-07-30,11.97,3,2,2.99,268
CARRIE,PORTER,China,Liaocheng,2005-06-19,9.97,3,2,0.99,269
KIM,CRUZ,United States,Grand Prairie,2005-07-29,11.98,2,2,3.16,270
RON,DELUCA,Japan,Isesaki,2005-07-30,11.98,2,2,3.19,271
JO,FOWLER,Nigeria,Oyo,2005-08-21,10.98,2,2,2.19,272
LOUISE,JENKINS,South Africa,Springs,2005-08-17,10.98,2,2,2.24,273
SUSAN,WILSON,New Zealand,Hamilton,2005-08-02,12.98,2,2,4.32,274
JEFF,EAST,Dominican Republic,San Felipe de Puerto Plata,2005-07-08,11.97,3,2,3.32,275
MABEL,HOLLAND,Myanmar,Monywa,2005-06-18,11.98,2,2,3.42,276
JEFFREY,SPEAR,Indonesia,Ciparay,2005-07-29,11.98,2,2,3.49,277
HAZEL,WARREN,China,Hohhot,2005-07-28,11.97,3,2,3.59,278
ANNA,HILL,Italy,Alessandria,2005-07-30,11.97,3,2,3.59,279
CAROLE,BARNETT,United States,Peoria,2005-07-08,10.98,2,2,2.79,280
KIM,CRUZ,United States,Grand Prairie,2005-07-28,9.98,2,2,1.79,281
LARRY,THRASHER,Turkey,Adana,2005-08-22,11.97,3,2,3.84,282
DOROTHY,TAYLOR,Iran,Esfahan,2005-07-09,11.97,3,2,3.85,283
MICHELLE,CLARK,Bangladesh,Tangail,2005-08-18,11.98,2,2,3.86,284
ELAINE,STEVENS,Russian Federation,Smolensk,2005-07-08,11.98,2,2,3.99,285
REGINA,BERRY,China,Jinchang,2005-07-07,11.98,2,2,3.99,286
DENNIS,GILMAN,South Africa,Paarl,2005-06-17,11.98,2,2,3.99,287
DOUGLAS,GRAF,Mexico,Mexicali,2005-06-16,11.98,2,2,3.99,288
JEROME,KENYON,Chile,Rancagua,2005-08-20,11.98,2,2,3.99,289
CURTIS,IRBY,Canada,Richmond Hill,2005-06-18,10.98,2,2,2.99,290
RANDALL,NEUMANN,Dominican Republic,La Romana,2005-05-28,10.98,2,2,2.99,291
CHRISTIAN,JUNG,India,Amroha,2005-07-30,10.98,2,2,2.99,292
NATHAN,RUNYON,"Virgin Islands, U.S.",Charlotte Amalie,2005-06-17,8.98,2,2,0.99,293
NELSON,CHRISTENSON,Spain,Santiago de Compostela,2005-05-30,8.98,2,2,0.99,294
VICKIE,BREWER,Germany,Halle/Saale,2005-05-31,11.97,3,2,3.99,295
GLADYS,HAMILTON,Nigeria,Ilorin,2005-07-07,11.97,3,2,3.99,296
JAY,ROBB,Indonesia,Surakarta,2005-08-20,10.97,3,2,2.99,297
TERRI,VASQUEZ,Brazil,Blumenau,2005-07-06,11.97,3,2,3.99,298
THERESA,WATSON,Philippines,Taguig,2005-07-09,10.97,3,2,2.99,299
LILLIE,KIM,Egypt,Idfu,2005-06-18,10.97,3,2,2.99,300
BRENT,HARKINS,Turkey,Sultanbeyli,2005-07-06,10.98,2,2,3.24,301
MARIA,MILLER,Yugoslavia,Kragujevac,2005-07-08,10.98,2,2,3.32,302
ERIC,ROBERT,Argentina,Santa F,2005-06-19,9.98,2,2,2.32,303
DENISE,KELLY,Brazil,Rio Claro,2005-07-10,10.97,3,2,3.39,304
FELICIA,SUTTON,China,Korla,2005-06-19,10.98,2,2,3.49,305
GLORIA,COOK,French Polynesia,Papeete,2005-07-06,10.98,2,2,3.49,306
LORRAINE,STEPHENS,China,Hami,2005-07-06,10.98,2,2,3.49,307
KEVIN,SCHULER,Nepal,Birgunj,2005-07-06,10.98,2,2,3.49,308
AMBER,DIXON,Taiwan,Touliu,2005-08-19,10.98,2,2,3.59,309
APRIL,BURNS,United Kingdom,Dundee,2005-07-08,9.98,2,2,2.66,310
SHIRLEY,ALLEN,Philippines,Davao,2005-06-15,9.98,2,2,2.99,311
LAUREN,HUDSON,France,Le Mans,2005-07-29,9.98,2,2,2.99,312
MORRIS,MCCARTER,Taiwan,Fengshan,2005-06-18,9.98,2,2,2.99,313
ELSIE,KELLEY,Nigeria,Ikerre,2005-05-28,7.98,2,2,0.99,314
MATHEW,BOLIN,Venezuela,Valencia,2005-06-15,9.97,3,2,2.99,315
JULIAN,VEST,Japan,Akishima,2005-06-16,7.970000000000001,3,2,0.99,316
JESSIE,BANKS,Bulgaria,Stara Zagora,2005-08-23,9.96,4,2,3.24,317
ESTHER,CRAWFORD,South Africa,Botshabelo,2005-06-20,9.98,2,2,3.32,318
LEONARD,SCHOFIELD,Argentina,Tandil,2005-08-01,9.98,2,2,3.32,319
THEODORE,CULP,India,Uluberia,2005-06-18,8.98,2,2,2.32,320
BRANDON,HUEY,Turkey,Balikesir,2005-07-06,7.98,2,2,1.49,321
CLIFFORD,BOWENS,Russian Federation,Nabereznyje Telny,2005-06-17,7.98,2,2,1.66,322
HEIDI,LARSON,China,Xiangfan,2005-07-09,8.97,3,2,2.79,323
ROLAND,SOUTH,China,Yingkou,2005-07-09,7.98,2,2,1.99,324
ERIKA,PENA,Finland,Oulu,2005-07-28,8.98,2,2,2.99,325
CYNTHIA,YOUNG,India,Munger (Monghyr),2005-07-10,8.98,2,2,2.99,326
THELMA,MURRAY,Peru,Lima,2005-06-15,8.98,2,2,2.99,327
AMBER,DIXON,Taiwan,Touliu,2005-06-19,8.98,2,2,2.99,328
RENEE,LANE,United States,Compton,2005-06-17,8.98,2,2,2.99,329
RICK,MATTOX,Egypt,Mit Ghamr,2005-06-15,7.98,2,2,1.99,330
ANNIE,RUSSELL,Mozambique,Tete,2005-07-06,8.97,3,2,2.99,331
SAMANTHA,DUNCAN,Mexico,Matamoros,2005-06-16,8.97,3,2,2.99,332
LARRY,THRASHER,Turkey,Adana,2005-08-17,7.98,2,2,2.49,333
BOBBY,BOUDREAU,Anguilla,South Hill,2005-06-18,7.98,2,2,2.59,334
PAMELA,BAKER,China,Nanyang,2005-06-16,6.98,2,2,1.99,335
CARL,ARTIS,Paraguay,San Lorenzo,2005-06-15,5.98,2,2,0.99,336
MATTIE,HOFFMAN,United Kingdom,London,2005-07-27,6.970000000000001,3,2,1.99,337
SUE,PETERS,China,Changzhou,2005-05-29,6.98,2,2,2.24,338
EUGENE,CULPEPPER,China,Shenzhen,2005-07-31,6.98,2,2,2.32,339
CAROLINE,BOWMAN,United States,Tallahassee,2005-07-08,5.98,2,2,1.99,340
ALLAN,CORNISH,Philippines,Tarlac,2005-07-06,5.98,2,2,1.99,341
DARRYL,ASHCRAFT,Argentina,Ezeiza,2005-06-15,2.98,2,2,0.99,342
