first_name,last_name,payment_date,payment_count,total_amount,max_payment,activity_status
ADAM,GOOCH,2005-07-10,3,12.97,4.99,подозрительная активность
ALBERT,CROUSE,2005-07-27,4,22.96,7.99,подозрительная активность
ALEXANDER,FENNELL,2005-07-29,3,8.97,2.99,подозрительная активность
ALFRED,CASILLAS,2005-07-27,5,24.950000000000003,9.99,подозрительная активность
ALICE,STEWART,2005-07-09,3,16.97,7.99,подозрительная активность
ALLEN,BUTTERFIELD,2005-07-29,3,18.97,8.99,подозрительная активность
ALLISON,STANLEY,2005-07-06,4,17.959999999999997,8.99,подозрительная активность
ALMA,AUSTIN,2005-07-09,3,13.97,4.99,подозрительная активность
ALMA,AUSTIN,2005-07-29,3,3.9699999999999998,1.99,подозрительная активность
ALMA,AUSTIN,2005-07-31,3,22.97,10.99,подозрительная активность
ALVIN,DELOACH,2005-07-07,3,10.97,4.99,подозрительная активность
ALVIN,DELOACH,2005-07-28,4,20.96,7.99,подозрительная активность
AMANDA,CARTER,2005-07-28,3,5.970000000000001,3.99,подозрительная активность
AMANDA,CARTER,2005-07-31,3,13.97,6.99,подозрительная активность
AMBER,DIXON,2005-07-09,3,17.97,7.99,подозрительная активность
ANA,BRADLEY,2005-07-30,3,19.97,8.99,подозрительная активность
ANDREW,PURDY,2005-07-27,3,8.97,6.99,подозрительная активность
ANDY,VANHORN,2005-07-27,4,20.96,6.99,подозрительная активность
ANDY,VANHORN,2005-07-29,3,15.97,6.99,подозрительная активность
ANGELA,HERNANDEZ,2005-07-27,3,11.97,6.99,подозрительная активность
ANNA,HILL,2005-07-30,3,11.97,4.99,подозрительная активность
ANNETTE,OLSON,2005-07-29,4,16.96,4.99,подозрительная активность
ANNIE,RUSSELL,2005-07-06,3,8.97,4.99,подозрительная активность
ANTHONY,SCHWAB,2005-07-29,3,10.97,4.99,подозрительная активность
APRIL,BURNS,2005-07-30,3,16.97,7.99,подозрительная активность
ARLENE,HARVEY,2005-07-11,3,8.97,2.99,подозрительная активность
ARLENE,HARVEY,2005-07-31,3,10.97,4.99,подозрительная активность
ARMANDO,GRUBER,2005-07-08,3,7.970000000000001,3.99,подозрительная активность
ARNOLD,HAVENS,2005-07-10,3,12.97,6.99,подозрительная активность
ARNOLD,HAVENS,2005-07-30,5,29.950000000000003,7.99,подозрительная активность
ARTHUR,SIMPKINS,2005-07-29,4,22.96,8.99,подозрительная активность
ARTHUR,SIMPKINS,2005-07-31,3,12.97,4.99,подозрительная активность
ASHLEY,RICHARDSON,2005-07-10,3,16.97,6.99,подозрительная активность
ASHLEY,RICHARDSON,2005-07-31,5,13.950000000000001,4.99,подозрительная активность
AUDREY,RAY,2005-07-10,3,9.97,3.99,подозрительная активность
AUDREY,RAY,2005-07-29,3,16.97,8.99,подозрительная активность
BARRY,LOVELACE,2005-07-27,3,11.97,8.99,подозрительная активность
BEATRICE,ARNOLD,2005-07-10,3,15.97,7.99,подозрительная активность
BEATRICE,ARNOLD,2005-07-31,3,15.97,9.99,подозрительная активность
BERNARD,COLBY,2005-07-10,3,4.970000000000001,2.99,подозрительная активность
BERNICE,WILLIS,2005-07-08,3,17.97,6.99,подозрительная активность
BERNICE,WILLIS,2005-07-27,4,16.96,6.99,подозрительная активность
BERNICE,WILLIS,2005-07-30,3,15.97,6.99,подозрительная активность
BERTHA,FERGUSON,2005-07-10,3,8.97,4.99,подозрительная активность
BESSIE,MORRISON,2005-07-27,3,12.97,8.99,подозрительная активность
BETH,FRANKLIN,2005-07-31,3,12.97,4.99,подозрительная активность
BETTY,WHITE,2005-07-09,3,13.97,7.99,подозрительная активность
BONNIE,HUGHES,2005-07-06,4,13.96,5.99,подозрительная активность
BONNIE,HUGHES,2005-07-29,3,8.97,2.99,подозрительная активность
BRAD,MCCURDY,2005-07-07,4,17.96,4.99,подозрительная активность
BRANDON,HUEY,2005-07-12,3,13.97,6.99,подозрительная активность
BRANDON,HUEY,2005-07-27,4,14.96,4.99,подозрительная активность
BRANDY,GRAVES,2005-07-30,4,16.96,8.99,подозрительная активность
BRENDA,WRIGHT,2005-07-27,4,11.96,3.99,подозрительная активность
BRETT,CORNWELL,2005-07-28,3,14.97,4.99,подозрительная активность
BYRON,BOX,2005-07-31,4,24.96,10.99,подозрительная активность
CARL,ARTIS,2005-07-07,3,10.97,4.99,подозрительная активность
CARLA,GUTIERREZ,2005-07-29,3,8.97,2.99,подозрительная активность
CARLA,GUTIERREZ,2005-07-30,3,12.97,8.99,подозрительная активность
CAROL,GARCIA,2005-07-08,3,11.97,3.99,подозрительная активность
CAROLYN,PEREZ,2005-07-28,3,10.97,6.99,подозрительная активность
CAROLYN,PEREZ,2005-07-29,3,10.97,3.99,подозрительная активность
CARRIE,PORTER,2005-07-06,3,6.970000000000001,4.99,подозрительная активность
CARRIE,PORTER,2005-07-09,3,6.970000000000001,4.99,подозрительная активность
CARRIE,PORTER,2005-07-31,4,26.96,7.99,подозрительная активность
CASEY,MENA,2005-07-06,3,9.97,4.99,подозрительная активность
CASEY,MENA,2005-07-28,4,13.96,6.99,подозрительная активность
CASEY,MENA,2005-07-29,5,17.950000000000003,6.99,подозрительная активность
CASSANDRA,WALTERS,2005-07-12,3,13.97,5.99,подозрительная активность
CHAD,CARBONE,2005-07-10,3,5.970000000000001,3.99,подозрительная активность
CHARLENE,ALVAREZ,2005-07-10,3,6.970000000000001,2.99,подозрительная активность
CHARLIE,BESS,2005-07-29,3,13.97,5.99,подозрительная активность
CHRISTOPHER,GRECO,2005-07-29,3,10.97,4.99,подозрительная активность
CHRISTY,VARGAS,2005-07-29,3,5.970000000000001,2.99,подозрительная активность
CLARA,SHAW,2005-07-09,3,17.97,8.99,подозрительная активность
CLARA,SHAW,2005-07-30,4,17.96,7.99,подозрительная активность
CLARENCE,GAMEZ,2005-07-30,3,8.97,6.99,подозрительная активность
CLIFFORD,BOWENS,2005-07-30,3,17.97,6.99,подозрительная активность
CLIFTON,MALCOLM,2005-07-28,3,21.97,8.99,подозрительная активность
CLYDE,TOBIAS,2005-07-06,3,3.9699999999999998,1.99,подозрительная активность
CLYDE,TOBIAS,2005-07-09,3,10.97,3.99,подозрительная активность
CLYDE,TOBIAS,2005-07-30,4,17.96,6.99,подозрительная активность
COLLEEN,BURTON,2005-07-29,3,6.970000000000001,4.99,подозрительная активность
CONNIE,WALLACE,2005-07-27,3,9.97,4.99,подозрительная активность
CONSTANCE,REID,2005-07-28,4,11.96,4.99,подозрительная активность
CONSTANCE,REID,2005-07-29,3,12.97,4.99,подозрительная активность
CONSTANCE,REID,2005-07-30,3,14.97,10.99,подозрительная активность
CORY,MEEHAN,2005-07-11,3,11.97,4.99,подозрительная активность
COURTNEY,DAY,2005-07-27,5,17.950000000000003,5.99,подозрительная активность
CRAIG,MORRELL,2005-07-31,3,6.970000000000001,2.99,подозрительная активность
CRYSTAL,FORD,2005-07-06,3,8.97,4.99,подозрительная активность
CRYSTAL,FORD,2005-07-09,3,17.97,6.99,подозрительная активность
CRYSTAL,FORD,2005-07-27,3,8.97,6.99,подозрительная активность
CRYSTAL,FORD,2005-07-30,3,7.970000000000001,3.99,подозрительная активность
CURTIS,IRBY,2005-07-09,4,17.96,5.99,подозрительная активность
CURTIS,IRBY,2005-07-27,3,15.97,5.99,подозрительная активность
CYNTHIA,YOUNG,2005-07-31,4,15.96,4.99,подозрительная активность
DAISY,BATES,2005-07-09,3,10.97,4.99,подозрительная активность
DAISY,BATES,2005-07-11,3,11.97,4.99,подозрительная активность
DAISY,BATES,2005-07-31,3,18.97,8.99,подозрительная активность
DALE,RATCLIFF,2005-07-28,4,22.96,9.99,подозрительная активность
DAN,PAINE,2005-07-29,3,15.97,6.99,подозрительная активность
DARLENE,ROSE,2005-07-27,3,10.97,4.99,подозрительная активность
DARLENE,ROSE,2005-07-29,5,12.950000000000001,4.99,подозрительная активность
DARRELL,POWER,2005-07-09,3,6.970000000000001,2.99,подозрительная активность
DARRYL,ASHCRAFT,2005-07-27,3,10.97,4.99,подозрительная активность
DARYL,LARUE,2005-07-30,3,11.97,9.99,подозрительная активность
DARYL,LARUE,2005-07-31,3,13.97,5.99,подозрительная активность
DAVE,GARDINER,2005-07-30,3,9.97,4.99,подозрительная активность
DAVID,ROYAL,2005-07-10,3,9.97,4.99,подозрительная активность
DAWN,SULLIVAN,2005-07-30,4,22.96,9.99,подозрительная активность
DEANNA,BYRD,2005-07-31,3,14.97,4.99,подозрительная активность
DEBORAH,WALKER,2005-07-07,3,6.970000000000001,2.99,подозрительная активность
DEBORAH,WALKER,2005-07-30,3,12.97,8.99,подозрительная активность
DEBRA,NELSON,2005-07-08,3,23.97,8.99,подозрительная активность
DEBRA,NELSON,2005-07-29,4,19.96,7.99,подозрительная активность
DEBRA,NELSON,2005-07-31,3,10.97,4.99,подозрительная активность
DELORES,HANSEN,2005-07-29,3,13.97,6.99,подозрительная активность
DENISE,KELLY,2005-07-10,3,10.97,4.99,подозрительная активность
DEREK,BLAKELY,2005-07-28,3,4.970000000000001,2.99,подозрительная активность
DIANA,ALEXANDER,2005-07-10,3,8.97,4.99,подозрительная активность
DIANE,COLLINS,2005-07-10,3,21.97,9.99,подозрительная активность
DIANE,COLLINS,2005-07-31,5,26.949999999999996,10.99,подозрительная активность
DIANNE,SHELTON,2005-07-09,3,20.97,9.99,подозрительная активность
DON,BONE,2005-07-12,3,11.97,5.99,подозрительная активность
DONNA,THOMPSON,2005-07-30,4,21.959999999999997,8.99,подозрительная активность
DOROTHY,TAYLOR,2005-07-09,3,11.97,7.99,подозрительная активность
DOROTHY,TAYLOR,2005-07-28,3,14.97,6.99,подозрительная активность
DUANE,TUBBS,2005-07-07,3,12.97,4.99,подозрительная активность
DUANE,TUBBS,2005-07-29,4,25.96,9.99,подозрительная активность
DUSTIN,GILLETTE,2005-07-08,5,12.950000000000001,4.99,подозрительная активность
EDDIE,TOMLIN,2005-07-27,3,10.97,6.99,подозрительная активность
EDUARDO,HIATT,2005-07-29,3,10.97,5.99,подозрительная активность
EDUARDO,HIATT,2005-07-31,3,16.97,7.99,подозрительная активность
EDWIN,BURK,2005-07-28,3,12.97,6.99,подозрительная активность
ELEANOR,HUNT,2005-07-28,4,20.96,9.99,подозрительная активность
ELEANOR,HUNT,2005-07-29,4,18.96,4.99,подозрительная активность
ELEANOR,HUNT,2005-07-31,3,11.97,4.99,подозрительная активность
ELIZABETH,BROWN,2005-07-09,3,12.97,5.99,подозрительная активность
ELLA,OLIVER,2005-07-07,4,12.96,7.99,подозрительная активность
ELLA,OLIVER,2005-07-08,3,17.97,6.99,подозрительная активность
ELLA,OLIVER,2005-07-29,3,13.97,8.99,подозрительная активность
ELLEN,SIMPSON,2005-07-06,3,18.97,7.99,подозрительная активность
ELMER,NOE,2005-07-29,3,13.97,5.99,подозрительная активность
ELSIE,KELLEY,2005-07-12,3,14.97,4.99,подозрительная активность
ELSIE,KELLEY,2005-07-27,3,9.97,5.99,подозрительная активность
EMILY,DIAZ,2005-07-08,3,8.97,4.99,подозрительная активность
ENRIQUE,FORSYTHE,2005-07-11,3,8.97,4.99,подозрительная активность
ERIC,ROBERT,2005-07-06,3,18.97,8.99,подозрительная активность
ERIC,ROBERT,2005-07-07,3,21.97,10.99,подозрительная активность
ERIK,GUILLEN,2005-07-07,3,7.970000000000001,5.99,подозрительная активность
ERIK,GUILLEN,2005-07-12,3,20.97,7.99,подозрительная активность
ERIK,GUILLEN,2005-07-30,3,11.97,5.99,подозрительная активность
ERIN,DUNN,2005-07-31,3,6.970000000000001,2.99,подозрительная активность
ERNEST,STEPP,2005-07-10,3,12.97,4.99,подозрительная активность
ESTHER,CRAWFORD,2005-07-08,3,11.97,5.99,подозрительная активность
ESTHER,CRAWFORD,2005-07-10,3,8.97,5.99,подозрительная активность
ETHEL,WEBB,2005-07-29,3,10.97,4.99,подозрительная активность
ETHEL,WEBB,2005-07-31,3,8.97,4.99,подозрительная активность
EVELYN,MORGAN,2005-07-12,3,11.97,4.99,подозрительная активность
EVELYN,MORGAN,2005-07-30,3,3.9699999999999998,1.99,подозрительная активность
EVELYN,MORGAN,2005-07-31,3,8.97,4.99,подозрительная активность
FELICIA,SUTTON,2005-07-06,4,17.959999999999997,6.99,подозрительная активность
FELICIA,SUTTON,2005-07-11,4,6.960000000000001,2.99,подозрительная активность
FELIX,GAFFNEY,2005-07-12,4,10.96,4.99,подозрительная активность
FELIX,GAFFNEY,2005-07-30,4,12.96,6.99,подозрительная активность
FRANCES,PARKER,2005-07-11,3,14.97,9.99,подозрительная активность
FRANCIS,SIKES,2005-07-08,4,27.96,8.99,подозрительная активность
FRANCIS,SIKES,2005-07-31,3,4.970000000000001,2.99,подозрительная активность
FRANCISCO,SKIDMORE,2005-07-31,3,12.97,5.99,подозрительная активность
FRANK,WAGGONER,2005-07-30,4,7.960000000000001,4.99,подозрительная активность
FREDERICK,ISBELL,2005-07-28,3,12.97,7.99,подозрительная активность
GABRIEL,HARDER,2005-07-27,4,14.96,4.99,подозрительная активность
GABRIEL,HARDER,2005-07-28,3,13.97,6.99,подозрительная активность
GAIL,KNIGHT,2005-07-11,3,15.97,5.99,подозрительная активность
GENE,SANBORN,2005-07-27,3,16.97,6.99,подозрительная активность
GEORGE,LINTON,2005-07-06,3,4.970000000000001,2.99,подозрительная активность
GEORGE,LINTON,2005-07-28,3,11.97,6.99,подозрительная активность
GERALD,FULTZ,2005-07-28,3,6.970000000000001,3.99,подозрительная активность
GERTRUDE,CASTILLO,2005-07-09,3,6.970000000000001,4.99,подозрительная активность
GILBERT,SLEDGE,2005-07-08,3,6.970000000000001,4.99,подозрительная активность
GINA,WILLIAMSON,2005-07-30,3,14.97,6.99,подозрительная активность
GLADYS,HAMILTON,2005-07-07,3,11.97,6.99,подозрительная активность
GLEN,TALBERT,2005-07-07,3,12.97,4.99,подозрительная активность
GORDON,ALLARD,2005-07-06,3,15.97,5.99,подозрительная активность
GRACE,ELLIS,2005-07-27,3,8.97,2.99,подозрительная активность
GREG,ROBINS,2005-07-11,3,18.97,6.99,подозрительная активность
GREGORY,MAULDIN,2005-07-07,4,17.96,8.99,подозрительная активность
GREGORY,MAULDIN,2005-07-30,3,11.97,5.99,подозрительная активность
GUY,BROWNLEE,2005-07-31,3,8.97,4.99,подозрительная активность
GWENDOLYN,MAY,2005-07-11,3,12.97,8.99,подозрительная активность
GWENDOLYN,MAY,2005-07-31,3,12.97,5.99,подозрительная активность
HAROLD,MARTINO,2005-07-12,3,19.97,8.99,подозрительная активность
HAROLD,MARTINO,2005-07-31,4,12.96,5.99,подозрительная активность
HAZEL,WARREN,2005-07-28,3,11.97,4.99,подозрительная активность
HAZEL,WARREN,2005-07-31,3,11.97,9.99,подозрительная активность
HECTOR,POINDEXTER,2005-07-29,3,9.97,4.99,подозрительная активность
HECTOR,POINDEXTER,2005-07-30,3,14.97,7.99,подозрительная активность
HEIDI,LARSON,2005-07-09,3,8.97,4.99,подозрительная активность
HEIDI,LARSON,2005-07-11,3,14.97,6.99,подозрительная активность
HERMAN,DEVORE,2005-07-08,4,16.96,10.99,подозрительная активность
HOLLY,FOX,2005-07-30,3,9.97,5.99,подозрительная активность
HOWARD,FORTNER,2005-07-07,3,2.9699999999999998,0.99,подозрительная активность
HUGH,WALDROP,2005-07-28,3,8.97,2.99,подозрительная активность
IAN,STILL,2005-07-12,3,6.970000000000001,4.99,подозрительная активность
IDA,ANDREWS,2005-07-31,3,13.97,5.99,подозрительная активность
IRENE,PRICE,2005-07-29,3,13.97,6.99,подозрительная активность
IVAN,CROMWELL,2005-07-30,3,11.97,7.99,подозрительная активность
IVAN,CROMWELL,2005-07-31,3,8.97,4.99,подозрительная активность
JACK,FOUST,2005-07-08,3,8.97,5.99,подозрительная активность
JACKIE,LYNCH,2005-07-06,3,14.97,6.99,подозрительная активность
JACKIE,LYNCH,2005-07-31,3,11.97,6.99,подозрительная активность
JAMIE,RICE,2005-07-11,3,19.97,7.99,подозрительная активность
JAMIE,WAUGH,2005-07-10,3,11.97,5.99,подозрительная активность
JAMIE,WAUGH,2005-07-27,3,12.97,6.99,подозрительная активность
JANICE,WARD,2005-07-07,3,14.97,6.99,подозрительная активность
JANICE,WARD,2005-07-11,3,18.97,8.99,подозрительная активность
JASON,MORRISSEY,2005-07-12,3,9.97,4.99,подозрительная активность
JASON,MORRISSEY,2005-07-30,3,14.97,7.99,подозрительная активность
JAVIER,ELROD,2005-07-08,3,16.97,6.99,подозрительная активность
JEAN,BELL,2005-07-31,3,10.97,4.99,подозрительная активность
JEANETTE,GREENE,2005-07-27,3,13.97,6.99,подозрительная активность
JEANNE,LAWSON,2005-07-11,3,8.97,4.99,подозрительная активность
JEFF,EAST,2005-07-08,3,11.97,7.99,подозрительная активность
JEFFERY,PINSON,2005-07-29,3,11.97,5.99,подозрительная активность
JENNIE,TERRY,2005-07-29,3,9.97,5.99,подозрительная активность
JENNY,CASTRO,2005-07-29,3,7.970000000000001,4.99,подозрительная активность
JEREMY,HURTADO,2005-07-10,3,13.97,6.99,подозрительная активность
JESSICA,HALL,2005-07-07,5,20.950000000000003,6.99,подозрительная активность
JESSIE,MILAM,2005-07-12,3,13.97,9.99,подозрительная активность
JESSIE,MILAM,2005-07-29,4,9.96,2.99,подозрительная активность
JIM,REA,2005-07-08,3,16.97,8.99,подозрительная активность
JIMMIE,EGGLESTON,2005-07-06,3,14.97,9.99,подозрительная активность
JIMMIE,EGGLESTON,2005-07-12,3,15.97,9.99,подозрительная активность
JOANN,GARDNER,2005-07-12,3,8.97,4.99,подозрительная активность
JOHN,FARNSWORTH,2005-07-28,3,18.97,6.99,подозрительная активность
JORDAN,ARCHULETA,2005-07-07,3,13.97,9.99,подозрительная активность
JOSE,ANDREW,2005-07-29,3,13.97,5.99,подозрительная активность
JOSE,ANDREW,2005-07-31,3,6.970000000000001,4.99,подозрительная активность
JOSEPHINE,GOMEZ,2005-07-27,3,4.970000000000001,2.99,подозрительная активность
JOSHUA,MARK,2005-07-29,3,16.97,6.99,подозрительная активность
JOY,GEORGE,2005-07-09,3,8.97,4.99,подозрительная активность
JOY,GEORGE,2005-07-31,3,17.97,9.99,подозрительная активность
JUANITA,MASON,2005-07-27,3,13.97,7.99,подозрительная активность
JUDITH,COX,2005-07-08,3,13.97,5.99,подозрительная активность
JUDITH,COX,2005-07-09,3,7.970000000000001,3.99,подозрительная активность
JUDITH,COX,2005-07-12,3,3.9699999999999998,1.99,подозрительная активность
JUDITH,COX,2005-07-27,3,5.970000000000001,2.99,подозрительная активность
JUDITH,COX,2005-07-31,3,13.97,6.99,подозрительная активность
JULIA,FLORES,2005-07-09,3,13.97,7.99,подозрительная активность
JULIA,FLORES,2005-07-28,4,15.96,4.99,подозрительная активность
JULIA,FLORES,2005-07-31,3,8.97,4.99,подозрительная активность
JULIAN,VEST,2005-07-09,3,12.97,4.99,подозрительная активность
JUNE,CARROLL,2005-07-27,4,13.96,4.99,подозрительная активность
JUSTIN,NGO,2005-07-27,3,4.970000000000001,2.99,подозрительная активность
JUSTIN,NGO,2005-07-29,3,18.97,8.99,подозрительная активность
KAREN,JACKSON,2005-07-12,3,6.970000000000001,2.99,подозрительная активность
KAREN,JACKSON,2005-07-31,3,13.97,7.99,подозрительная активность
KARL,SEAL,2005-07-27,4,16.96,7.99,подозрительная активность
KATHLEEN,ADAMS,2005-07-28,3,8.97,6.99,подозрительная активность
KATHRYN,COLEMAN,2005-07-30,3,19.97,8.99,подозрительная активность
KATHY,JAMES,2005-07-10,3,18.97,8.99,подозрительная активность
KATHY,JAMES,2005-07-29,5,18.950000000000003,4.99,подозрительная активность
KEITH,RICO,2005-07-11,3,16.97,8.99,подозрительная активность
KELLY,KNOTT,2005-07-12,3,19.97,9.99,подозрительная активность
KEN,PREWITT,2005-07-08,7,29.930000000000003,6.99,подозрительная активность
KEN,PREWITT,2005-07-29,4,22.96,7.99,подозрительная активность
KENT,ARSENAULT,2005-07-27,4,20.96,8.99,подозрительная активность
KENT,ARSENAULT,2005-07-28,3,9.97,4.99,подозрительная активность
KRISTINA,CHAMBERS,2005-07-07,3,6.970000000000001,4.99,подозрительная активность
KYLE,SPURLOCK,2005-07-08,3,7.970000000000001,5.99,подозрительная активность
KYLE,SPURLOCK,2005-07-30,4,14.96,4.99,подозрительная активность
KYLE,SPURLOCK,2005-07-31,3,20.97,8.99,подозрительная активность
LAUREN,HUDSON,2005-07-31,3,14.97,7.99,подозрительная активность
LAWRENCE,LAWTON,2005-07-12,3,7.970000000000001,4.99,подозрительная активность
LENA,JENSEN,2005-07-30,3,21.97,7.99,подозрительная активность
LEROY,BUSTAMANTE,2005-07-07,3,11.97,5.99,подозрительная активность
LESLIE,SEWARD,2005-07-08,3,23.97,8.99,подозрительная активность
LESTER,KRAUS,2005-07-07,3,18.97,8.99,подозрительная активность
LEWIS,LYMAN,2005-07-31,3,10.97,4.99,подозрительная активность
LILLIAN,GRIFFIN,2005-07-29,3,16.97,5.99,подозрительная активность
LILLIE,KIM,2005-07-29,3,9.97,5.99,подозрительная активность
LINDA,WILLIAMS,2005-07-28,4,24.96,7.99,подозрительная активность
LLOYD,DOWD,2005-07-12,3,15.97,7.99,подозрительная активность
LOIS,BUTLER,2005-07-07,3,12.97,4.99,подозрительная активность
LOIS,BUTLER,2005-07-30,3,8.97,4.99,подозрительная активность
LORI,WOOD,2005-07-28,3,15.97,6.99,подозрительная активность
LOUIS,LEONE,2005-07-30,3,14.97,8.99,подозрительная активность
LUCILLE,HOLMES,2005-07-07,3,20.97,8.99,подозрительная активность
LUCILLE,HOLMES,2005-07-11,3,5.970000000000001,2.99,подозрительная активность
LUIS,YANEZ,2005-07-06,3,16.97,6.99,подозрительная активность
LYDIA,BURKE,2005-07-31,3,13.97,5.99,подозрительная активность
MARC,OUTLAW,2005-07-09,3,9.97,3.99,подозрительная активность
MARC,OUTLAW,2005-07-28,4,13.96,6.99,подозрительная активность
MARCIA,DEAN,2005-07-11,3,8.97,4.99,подозрительная активность
MARCIA,DEAN,2005-07-27,3,10.97,4.99,подозрительная активность
MARCIA,DEAN,2005-07-28,3,13.97,5.99,подозрительная активность
MARGIE,WADE,2005-07-30,3,15.97,6.99,подозрительная активность
MARIE,TURNER,2005-07-10,4,24.96,8.99,подозрительная активность
MARIO,CHEATHAM,2005-07-29,5,18.950000000000003,4.99,подозрительная активность
MARIO,CHEATHAM,2005-07-31,3,15.97,10.99,подозрительная активность
MARION,OCAMPO,2005-07-29,4,13.96,4.99,подозрительная активность
MARION,SNYDER,2005-07-09,3,18.97,10.99,подозрительная активность
MARION,SNYDER,2005-07-12,3,15.97,6.99,подозрительная активность
MARION,SNYDER,2005-07-29,3,14.97,5.99,подозрительная активность
MARJORIE,TUCKER,2005-07-30,3,14.97,5.99,подозрительная активность
MARJORIE,TUCKER,2005-07-31,3,9.97,3.99,подозрительная активность
MARLENE,WELCH,2005-07-27,3,18.97,8.99,подозрительная активность
MARSHA,DOUGLAS,2005-07-27,5,18.950000000000003,5.99,подозрительная активность
MARSHA,DOUGLAS,2005-07-29,3,12.97,4.99,подозрительная активность
MARSHALL,THORN,2005-07-06,3,17.97,9.99,подозрительная активность
MARTHA,GONZALEZ,2005-07-07,3,12.97,5.99,подозрительная активность
MARTHA,GONZALEZ,2005-07-27,4,17.96,5.99,подозрительная активность
MARTHA,GONZALEZ,2005-07-30,3,5.970000000000001,3.99,подозрительная активность
MARY,SMITH,2005-07-28,4,11.96,4.99,подозрительная активность
MATTHEW,MAHAN,2005-07-28,3,12.97,5.99,подозрительная активность
MATTIE,HOFFMAN,2005-07-27,3,6.970000000000001,4.99,подозрительная активность
MAX,PITT,2005-07-06,5,22.950000000000003,4.99,подозрительная активность
MAX,PITT,2005-07-08,3,9.97,4.99,подозрительная активность
MAXINE,SILVA,2005-07-09,3,9.97,3.99,подозрительная активность
MAXINE,SILVA,2005-07-10,4,19.96,7.99,подозрительная активность
MEGAN,PALMER,2005-07-12,3,5.970000000000001,3.99,подозрительная активность
MEGAN,PALMER,2005-07-31,3,10.97,4.99,подозрительная активность
MELISSA,KING,2005-07-09,3,16.97,9.99,подозрительная активность
MELISSA,KING,2005-07-11,3,11.97,7.99,подозрительная активность
MELISSA,KING,2005-07-28,4,19.96,4.99,подозрительная активность
MELISSA,KING,2005-07-31,3,4.970000000000001,2.99,подозрительная активность
MICHAEL,SILVERMAN,2005-07-10,4,9.96,4.99,подозрительная активность
MICHAEL,SILVERMAN,2005-07-29,3,10.97,6.99,подозрительная активность
MICHAEL,SILVERMAN,2005-07-30,3,19.97,8.99,подозрительная активность
MICHELE,GRANT,2005-07-27,3,14.97,4.99,подозрительная активность
MIGUEL,BETANCOURT,2005-07-07,3,5.970000000000001,2.99,подозрительная активность
MIKE,WAY,2005-07-11,3,12.97,4.99,подозрительная активность
MILDRED,BAILEY,2005-07-27,3,5.970000000000001,3.99,подозрительная активность
MILTON,HOWLAND,2005-07-27,3,17.97,7.99,подозрительная активность
MILTON,HOWLAND,2005-07-28,3,12.97,4.99,подозрительная активность
MILTON,HOWLAND,2005-07-31,3,11.97,5.99,подозрительная активность
MINNIE,ROMERO,2005-07-27,3,12.97,8.99,подозрительная активность
MIRIAM,MCKINNEY,2005-07-11,4,14.96,4.99,подозрительная активность
MISTY,LAMBERT,2005-07-27,3,11.97,5.99,подозрительная активность
MITCHELL,WESTMORELAND,2005-07-10,3,19.97,10.99,подозрительная активность
MONICA,HICKS,2005-07-10,3,9.97,3.99,подозрительная активность
MORRIS,MCCARTER,2005-07-06,3,10.97,4.99,подозрительная активность
MORRIS,MCCARTER,2005-07-31,5,21.950000000000003,8.99,подозрительная активность
NANCY,THOMAS,2005-07-09,4,6.96,3.99,подозрительная активность
NANCY,THOMAS,2005-07-30,3,11.97,5.99,подозрительная активность
NAOMI,JENNINGS,2005-07-29,3,14.97,7.99,подозрительная активность
NATHAN,RUNYON,2005-07-27,4,23.96,7.99,подозрительная активность
NATHAN,RUNYON,2005-07-30,5,11.950000000000001,4.99,подозрительная активность
NATHANIEL,ADAM,2005-07-28,3,9.97,4.99,подозрительная активность
NEIL,RENNER,2005-07-09,3,15.97,7.99,подозрительная активность
NELLIE,GARRETT,2005-07-29,3,16.97,8.99,подозрительная активность
NICHOLAS,BARFIELD,2005-07-27,3,9.97,4.99,подозрительная активность
NICHOLAS,BARFIELD,2005-07-29,4,11.96,4.99,подозрительная активность
NICOLE,PETERSON,2005-07-06,3,6.970000000000001,4.99,подозрительная активность
NICOLE,PETERSON,2005-07-31,3,16.97,7.99,подозрительная активность
NINA,SOTO,2005-07-10,3,12.97,6.99,подозрительная активность
NORMAN,CURRIER,2005-07-27,3,5.970000000000001,2.99,подозрительная активность
OSCAR,AQUINO,2005-07-28,3,13.97,6.99,подозрительная активность
PATRICIA,JOHNSON,2005-07-27,3,16.97,5.99,подозрительная активность
PATRICIA,JOHNSON,2005-07-29,3,14.97,5.99,подозрительная активность
PATRICIA,JOHNSON,2005-07-30,5,30.950000000000003,10.99,подозрительная активность
PATRICK,NEWSOM,2005-07-29,4,15.96,4.99,подозрительная активность
PATSY,DAVIDSON,2005-07-12,4,26.96,7.99,подозрительная активность
PAUL,TROUT,2005-07-31,3,20.97,8.99,подозрительная активность
PAULA,BRYANT,2005-07-31,3,12.97,6.99,подозрительная активность
PAULINE,HENRY,2005-07-08,4,19.96,6.99,подозрительная активность
PEARL,GARZA,2005-07-29,3,8.97,4.99,подозрительная активность
PEDRO,CHESTNUT,2005-07-09,4,14.96,9.99,подозрительная активность
PEDRO,CHESTNUT,2005-07-28,3,15.97,7.99,подозрительная активность
PEDRO,CHESTNUT,2005-07-31,3,9.97,3.99,подозрительная активность
PEGGY,MYERS,2005-07-09,4,14.96,5.99,подозрительная активность
PEGGY,MYERS,2005-07-29,3,7.970000000000001,4.99,подозрительная активность
PERRY,SWAFFORD,2005-07-27,3,12.97,4.99,подозрительная активность
PHILIP,CAUSEY,2005-07-08,3,22.97,8.99,подозрительная активность
PRISCILLA,LOWE,2005-07-12,4,19.96,8.99,подозрительная активность
PRISCILLA,LOWE,2005-07-30,3,11.97,5.99,подозрительная активность
RACHEL,BARNES,2005-07-31,3,9.97,6.99,подозрительная активность
RALPH,MADRIGAL,2005-07-28,3,11.97,4.99,подозрительная активность
RAMON,CHOATE,2005-07-06,3,4.970000000000001,2.99,подозрительная активность
RAMON,CHOATE,2005-07-30,3,12.97,4.99,подозрительная активность
RAMON,CHOATE,2005-07-31,3,18.97,7.99,подозрительная активность
RANDY,GAITHER,2005-07-07,3,13.97,8.99,подозрительная активность
RANDY,GAITHER,2005-07-12,3,18.97,8.99,подозрительная активность
RANDY,GAITHER,2005-07-31,3,8.97,4.99,подозрительная активность
RAUL,FORTIER,2005-07-28,3,21.97,8.99,подозрительная активность
REBECCA,SCOTT,2005-07-27,3,6.970000000000001,2.99,подозрительная активность
REGINA,BERRY,2005-07-29,3,10.97,6.99,подозрительная активность
REGINA,BERRY,2005-07-30,3,11.97,4.99,подозрительная активность
RENE,MCALISTER,2005-07-08,3,6.970000000000001,4.99,подозрительная активность
RENEE,LANE,2005-07-08,3,6.970000000000001,3.99,подозрительная активность
RENEE,LANE,2005-07-28,3,14.97,8.99,подозрительная активность
RHONDA,KENNEDY,2005-07-06,3,17.97,6.99,подозрительная активность
RHONDA,KENNEDY,2005-07-30,4,20.96,7.99,подозрительная активность
RHONDA,KENNEDY,2005-07-31,3,14.97,6.99,подозрительная активность
RITA,GRAHAM,2005-07-08,3,15.97,7.99,подозрительная активность
ROBERT,BAUGHMAN,2005-07-10,3,10.97,4.99,подозрительная активность
ROBERTO,VU,2005-07-10,3,14.97,6.99,подозрительная активность
ROBIN,HAYES,2005-07-09,3,18.97,6.99,подозрительная активность
ROBIN,HAYES,2005-07-28,3,7.970000000000001,4.99,подозрительная активность
RODNEY,MOELLER,2005-07-09,3,10.97,5.99,подозрительная активность
RODNEY,MOELLER,2005-07-28,3,8.97,4.99,подозрительная активность
ROGER,QUINTANILLA,2005-07-08,4,20.96,9.99,подозрительная активность
ROGER,QUINTANILLA,2005-07-29,3,12.97,4.99,подозрительная активность
RON,DELUCA,2005-07-31,5,23.949999999999996,7.99,подозрительная активность
RONALD,WEINER,2005-07-11,3,12.97,4.99,подозрительная активность
ROSA,REYNOLDS,2005-07-31,4,17.96,5.99,подозрительная активность
ROSEMARY,SCHMIDT,2005-07-12,3,10.97,6.99,подозрительная активность
ROSS,GREY,2005-07-30,3,10.97,5.99,подозрительная активность
ROY,WHITING,2005-07-12,3,12.97,4.99,подозрительная активность
ROY,WHITING,2005-07-29,3,11.97,4.99,подозрительная активность
RUBY,WASHINGTON,2005-07-27,3,13.97,5.99,подозрительная активность
RUSSELL,BRINSON,2005-07-27,4,15.96,8.99,подозрительная активность
RYAN,SALISBURY,2005-07-28,4,15.96,4.99,подозрительная активность
RYAN,SALISBURY,2005-07-31,3,11.97,4.99,подозрительная активность
SALLY,PIERCE,2005-07-09,4,11.96,4.99,подозрительная активность
SALLY,PIERCE,2005-07-29,4,9.96,4.99,подозрительная активность
SAM,MCDUFFIE,2005-07-12,3,16.97,8.99,подозрительная активность
SARA,PERRY,2005-07-11,3,18.97,9.99,подозрительная активность
SCOTT,SHELLEY,2005-07-06,3,10.97,4.99,подозрительная активность
SCOTT,SHELLEY,2005-07-12,3,6.970000000000001,2.99,подозрительная активность
SERGIO,STANFIELD,2005-07-31,3,17.97,6.99,подозрительная активность
SETH,HANNON,2005-07-08,3,12.97,4.99,подозрительная активность
SHANE,MILLARD,2005-07-28,3,6.970000000000001,2.99,подозрительная активность
SHANNON,FREEMAN,2005-07-28,4,12.96,5.99,подозрительная активность
SHAWN,HEATON,2005-07-07,3,11.97,4.99,подозрительная активность
SHERRI,RHODES,2005-07-11,3,14.97,6.99,подозрительная активность
SHIRLEY,ALLEN,2005-07-31,3,18.97,7.99,подозрительная активность
SONIA,GREGORY,2005-07-27,3,14.97,6.99,подозрительная активность
STACEY,MONTGOMERY,2005-07-10,3,14.97,5.99,подозрительная активность
STACEY,MONTGOMERY,2005-07-12,3,7.970000000000001,4.99,подозрительная активность
STANLEY,SCROGGINS,2005-07-08,4,21.96,8.99,подозрительная активность
STEPHANIE,MITCHELL,2005-07-27,3,11.97,4.99,подозрительная активность
STEPHANIE,MITCHELL,2005-07-28,4,17.96,6.99,подозрительная активность
STEPHEN,QUALLS,2005-07-09,5,9.950000000000001,2.99,подозрительная активность
STEPHEN,QUALLS,2005-07-27,4,24.96,8.99,подозрительная активность
STEVE,MACKENZIE,2005-07-09,3,10.97,4.99,подозрительная активность
STEVE,MACKENZIE,2005-07-28,3,15.97,7.99,подозрительная активность
STEVE,MACKENZIE,2005-07-29,4,13.96,8.99,подозрительная активность
STEVEN,CURLEY,2005-07-27,4,15.96,4.99,подозрительная активность
SUSAN,WILSON,2005-07-07,3,7.970000000000001,3.99,подозрительная активность
SYLVIA,ORTIZ,2005-07-07,3,10.97,5.99,подозрительная активность
TAMMY,SANDERS,2005-07-12,3,4.970000000000001,2.99,подозрительная активность
TAMMY,SANDERS,2005-07-28,3,5.970000000000001,2.99,подозрительная активность
TAMMY,SANDERS,2005-07-30,3,15.97,5.99,подозрительная активность
TANYA,GILBERT,2005-07-28,3,16.97,8.99,подозрительная активность
TANYA,GILBERT,2005-07-29,3,13.97,6.99,подозрительная активность
TANYA,GILBERT,2005-07-31,4,10.96,4.99,подозрительная активность
TED,BREAUX,2005-07-09,3,16.97,8.99,подозрительная активность
TED,BREAUX,2005-07-31,3,18.97,8.99,подозрительная активность
TERRANCE,ROUSH,2005-07-07,3,12.97,9.99,подозрительная активность
TERRANCE,ROUSH,2005-07-27,3,9.97,4.99,подозрительная активность
TERRENCE,GUNDERSON,2005-07-27,4,14.96,4.99,подозрительная активность
TERRENCE,GUNDERSON,2005-07-30,4,11.96,4.99,подозрительная активность
TERRENCE,GUNDERSON,2005-07-31,3,18.97,10.99,подозрительная активность
TERRI,VASQUEZ,2005-07-06,3,11.97,5.99,подозрительная активность
TERRY,CARLSON,2005-07-28,3,6.970000000000001,2.99,подозрительная активность
THELMA,MURRAY,2005-07-28,3,8.97,4.99,подозрительная активность
THEODORE,CULP,2005-07-12,4,13.96,6.99,подозрительная активность
THEODORE,CULP,2005-07-27,3,11.97,5.99,подозрительная активность
THEODORE,CULP,2005-07-29,4,17.959999999999997,6.99,подозрительная активность
THEODORE,CULP,2005-07-30,3,14.97,9.99,подозрительная активность
THERESA,WATSON,2005-07-09,3,10.97,4.99,подозрительная активность
TIFFANY,JORDAN,2005-07-27,3,4.970000000000001,2.99,подозрительная активность
TINA,SIMMONS,2005-07-10,4,23.96,7.99,подозрительная активность
TODD,TAN,2005-07-11,4,14.96,4.99,подозрительная активность
TOM,MILNER,2005-07-06,3,13.97,6.99,подозрительная активность
TOM,MILNER,2005-07-07,3,8.97,4.99,подозрительная активность
TOMMY,COLLAZO,2005-07-28,5,29.950000000000003,6.99,подозрительная активность
TOMMY,COLLAZO,2005-07-29,2,20.98,10.99,подозрительная активность
TOMMY,COLLAZO,2005-07-31,3,12.97,4.99,подозрительная активность
TONY,CARRANZA,2005-07-29,3,14.97,8.99,подозрительная активность
TONYA,CHAPMAN,2005-07-27,3,15.97,6.99,подозрительная активность
TRACEY,BARRETT,2005-07-29,5,20.950000000000003,7.99,подозрительная активность
TRACY,COLE,2005-07-29,3,15.97,5.99,подозрительная активность
TROY,QUIGLEY,2005-07-08,3,8.97,4.99,подозрительная активность
TYLER,WREN,2005-07-07,3,8.97,4.99,подозрительная активность
TYRONE,ASHER,2005-07-11,3,13.97,7.99,подозрительная активность
VELMA,LUCAS,2005-07-27,4,9.96,2.99,подозрительная активность
VICTOR,BARKLEY,2005-07-30,3,21.97,9.99,подозрительная активность
VINCENT,RALSTON,2005-07-12,3,9.97,7.99,подозрительная активность
VINCENT,RALSTON,2005-07-31,3,11.97,5.99,подозрительная активность
VIOLA,HANSON,2005-07-10,3,9.97,4.99,подозрительная активность
VIOLA,HANSON,2005-07-31,3,15.97,5.99,подозрительная активность
VIOLET,RODRIQUEZ,2005-07-27,3,10.97,4.99,подозрительная активность
VIRGIL,WOFFORD,2005-07-07,3,10.97,4.99,подозрительная активность
VIRGIL,WOFFORD,2005-07-08,4,17.96,8.99,подозрительная активность
VIRGIL,WOFFORD,2005-07-10,3,12.97,4.99,подозрительная активность
VIRGINIA,GREEN,2005-07-09,3,4.970000000000001,2.99,подозрительная активность
WADE,DELVALLE,2005-07-06,3,12.97,6.99,подозрительная активность
WADE,DELVALLE,2005-07-12,4,14.96,4.99,подозрительная активность
WALLACE,SLONE,2005-07-27,3,9.97,3.99,подозрительная активность
WANDA,PATTERSON,2005-07-30,3,12.97,8.99,подозрительная активность
WARREN,SHERROD,2005-07-12,4,20.96,7.99,подозрительная активность
WARREN,SHERROD,2005-07-28,4,19.96,8.99,подозрительная активность
WARREN,SHERROD,2005-07-29,3,7.970000000000001,3.99,подозрительная активность
WAYNE,TRUONG,2005-07-27,3,15.97,7.99,подозрительная активность
WENDY,HARRISON,2005-07-11,3,6.970000000000001,2.99,подозрительная активность
WILLIAM,SATTERFIELD,2005-07-29,3,8.97,6.99,подозрительная активность
WILLIE,HOWELL,2005-07-09,3,10.97,4.99,подозрительная активность
WILLIE,HOWELL,2005-07-29,3,12.97,6.99,подозрительная активность
WILMA,RICHARDS,2005-07-08,3,21.97,10.99,подозрительная активность
YOLANDA,WEAVER,2005-07-27,3,13.97,5.99,подозрительная активность
